Input file,Event Number,Species Code,Call,Start time,End time,Parameter 1,Parameter 2,Parameter 3,Parameter 4,Parameter 5,Parameter 6,Comments,Image,Audio
\\frosty.ucsd.edu\sanctsound_decimated_2\CI\CI01\CI01_05\CI01_05_df24\SanctSound_CI01_05_df24_5s1Hz.ltsa,2/1/2023 13:52,UF,Other,6/5/2020 0:34:28.5,6/5/2020 3:33:13.5,,,,,,,White Seabass,,
\\frosty.ucsd.edu\sanctsound_decimated_2\CI\CI01\CI01_05\CI01_05_df24\SanctSound_CI01_05_df24_5s1Hz.ltsa,2/1/2023 13:52,UF,Other,6/5/2020 3:33:13.5,6/5/2020 5:24:53.5,,,,,,,Bocaccio sunset,,
\\frosty.ucsd.edu\sanctsound_decimated_2\CI\CI01\CI01_05\CI01_05_df24\SanctSound_CI01_05_df24_5s1Hz.ltsa,2/1/2023 13:52,UF,Other,6/5/2020 3:30:13.5,6/5/2020 4:04:28.5,,,,,,,HF sunset,,
\\frosty.ucsd.edu\sanctsound_decimated_2\CI\CI01\CI01_05\CI01_05_df24\SanctSound_CI01_05_df24_5s1Hz.ltsa,2/1/2023 13:52,UF,Other,6/5/2020 3:51:03.5,6/5/2020 11:56:24.5,,,,,,,Midshipman,,
\\frosty.ucsd.edu\sanctsound_decimated_2\CI\CI01\CI01_05\CI01_05_df24\SanctSound_CI01_05_df24_5s1Hz.ltsa,2/1/2023 13:52,UF,Other,6/5/2020 21:37:06.5,6/6/2020 4:02:45.5,,,,,,,White Seabass,,
\\frosty.ucsd.edu\sanctsound_decimated_2\CI\CI01\CI01_05\CI01_05_df24\SanctSound_CI01_05_df24_5s1Hz.ltsa,2/1/2023 13:53,UF,Other,6/6/2020 3:13:35.5,6/6/2020 4:04:15.5,,,,,,,Bocaccio sunset,,
\\frosty.ucsd.edu\sanctsound_decimated_2\CI\CI01\CI01_05\CI01_05_df24\SanctSound_CI01_05_df24_5s1Hz.ltsa,2/1/2023 13:53,UF,Other,6/6/2020 3:09:10.5,6/6/2020 3:50:50.5,,,,,,,HF sunset,,
\\frosty.ucsd.edu\sanctsound_decimated_2\CI\CI01\CI01_05\CI01_05_df24\SanctSound_CI01_05_df24_5s1Hz.ltsa,2/1/2023 13:53,UF,Other,6/6/2020 3:38:55.5,6/6/2020 11:38:21.5,,,,,,,Midshipman,,
\\frosty.ucsd.edu\sanctsound_decimated_2\CI\CI01\CI01_05\CI01_05_df24\SanctSound_CI01_05_df24_5s1Hz.ltsa,2/1/2023 13:53,UF,Other,6/6/2020 21:39:54.5,6/7/2020 1:26:22.5,,,,,,,White Seabass,,
\\frosty.ucsd.edu\sanctsound_decimated_2\CI\CI01\CI01_05\CI01_05_df24\SanctSound_CI01_05_df24_5s1Hz.ltsa,2/1/2023 13:53,UF,Other,6/7/2020 3:18:02.5,6/7/2020 4:13:07.5,,,,,,,Bocaccio sunset,,
\\frosty.ucsd.edu\sanctsound_decimated_2\CI\CI01\CI01_05\CI01_05_df24\SanctSound_CI01_05_df24_5s1Hz.ltsa,2/1/2023 13:53,UF,Other,6/7/2020 3:21:02.5,6/7/2020 3:56:47.5,,,,,,,HF sunset,,
\\frosty.ucsd.edu\sanctsound_decimated_2\CI\CI01\CI01_05\CI01_05_df24\SanctSound_CI01_05_df24_5s1Hz.ltsa,2/1/2023 13:53,UF,Other,6/7/2020 3:44:52.5,6/7/2020 11:32:23.5,,,,,,,Midshipman,,
\\frosty.ucsd.edu\sanctsound_decimated_2\CI\CI01\CI01_05\CI01_05_df24\SanctSound_CI01_05_df24_5s1Hz.ltsa,2/1/2023 13:57,UF,Other,6/8/2020 4:05:38.5,6/8/2020 11:48:37.5,,,,,,,Midshipman,,
\\frosty.ucsd.edu\sanctsound_decimated_2\CI\CI01\CI01_05\CI01_05_df24\SanctSound_CI01_05_df24_5s1Hz.ltsa,2/1/2023 13:57,UF,Other,6/8/2020 22:26:01.5,6/9/2020 3:22:29.5,,,,,,,White Seabass,,
\\frosty.ucsd.edu\sanctsound_decimated_2\CI\CI01\CI01_05\CI01_05_df24\SanctSound_CI01_05_df24_5s1Hz.ltsa,2/1/2023 13:57,UF,Other,6/9/2020 3:40:19.5,6/9/2020 4:54:40.5,,,,,,,Bocaccio sunset,,
\\frosty.ucsd.edu\sanctsound_decimated_2\CI\CI01\CI01_05\CI01_05_df24\SanctSound_CI01_05_df24_5s1Hz.ltsa,2/1/2023 13:57,UF,Other,6/9/2020 3:29:54.5,6/9/2020 4:16:04.5,,,,,,,HF sunset,,
\\frosty.ucsd.edu\sanctsound_decimated_2\CI\CI01\CI01_05\CI01_05_df24\SanctSound_CI01_05_df24_5s1Hz.ltsa,2/1/2023 13:58,UF,Other,6/9/2020 4:10:04.5,6/9/2020 11:36:38.5,,,,,,,Midshipman,,
\\frosty.ucsd.edu\sanctsound_decimated_2\CI\CI01\CI01_05\CI01_05_df24\SanctSound_CI01_05_df24_5s1Hz.ltsa,2/1/2023 13:58,UF,Other,6/9/2020 21:32:15.5,6/10/2020 2:50:57.5,,,,,,,White Seabass,,
\\frosty.ucsd.edu\sanctsound_decimated_2\CI\CI01\CI01_05\CI01_05_df24\SanctSound_CI01_05_df24_5s1Hz.ltsa,2/1/2023 13:58,UF,Other,6/10/2020 3:26:42.5,6/10/2020 4:21:43.5,,,,,,,HF sunset,,
\\frosty.ucsd.edu\sanctsound_decimated_2\CI\CI01\CI01_05\CI01_05_df24\SanctSound_CI01_05_df24_5s1Hz.ltsa,2/1/2023 13:58,UF,Other,6/10/2020 4:17:18.5,6/10/2020 7:17:28.5,,,,,,,White Seabass,,
\\frosty.ucsd.edu\sanctsound_decimated_2\CI\CI01\CI01_05\CI01_05_df24\SanctSound_CI01_05_df24_5s1Hz.ltsa,2/1/2023 13:58,UF,Other,6/10/2020 3:54:58.5,6/10/2020 10:22:02.5,,,,,,,Midshipman,,
\\frosty.ucsd.edu\sanctsound_decimated_2\CI\CI01\CI01_05\CI01_05_df24\SanctSound_CI01_05_df24_5s1Hz.ltsa,2/1/2023 13:58,UF,Other,6/10/2020 15:19:52.5,6/10/2020 16:38:43.5,,,,,,,White Seabass,,
\\frosty.ucsd.edu\sanctsound_decimated_2\CI\CI01\CI01_05\CI01_05_df24\SanctSound_CI01_05_df24_5s1Hz.ltsa,2/1/2023 13:58,UF,Other,6/10/2020 19:06:08.5,6/10/2020 19:52:18.5,,,,,,,White Seabass,,
\\frosty.ucsd.edu\sanctsound_decimated_2\CI\CI01\CI01_05\CI01_05_df24\SanctSound_CI01_05_df24_5s1Hz.ltsa,2/1/2023 13:59,UF,Other,6/10/2020 20:50:23.5,6/11/2020 8:40:44.5,,,,,,,White Seabass,,
\\frosty.ucsd.edu\sanctsound_decimated_2\CI\CI01\CI01_05\CI01_05_df24\SanctSound_CI01_05_df24_5s1Hz.ltsa,2/1/2023 13:59,UF,Other,6/11/2020 3:22:06.5,6/11/2020 4:52:54.5,,,,,,,Bocaccio sunset,,
\\frosty.ucsd.edu\sanctsound_decimated_2\CI\CI01\CI01_05\CI01_05_df24\SanctSound_CI01_05_df24_5s1Hz.ltsa,2/1/2023 13:59,UF,Other,6/11/2020 3:14:36.5,6/11/2020 4:21:34.5,,,,,,,HF sunset,,
\\frosty.ucsd.edu\sanctsound_decimated_2\CI\CI01\CI01_05\CI01_05_df24\SanctSound_CI01_05_df24_5s1Hz.ltsa,2/1/2023 13:59,UF,Other,6/11/2020 4:21:34.5,6/11/2020 11:45:16.5,,,,,,,Midshipman,,
\\frosty.ucsd.edu\sanctsound_decimated_2\CI\CI01\CI01_05\CI01_05_df24\SanctSound_CI01_05_df24_5s1Hz.ltsa,2/1/2023 13:59,UF,Other,6/11/2020 21:36:28.5,6/12/2020 8:52:34.5,,,,,,,White Seabass,,
\\frosty.ucsd.edu\sanctsound_decimated_2\CI\CI01\CI01_05\CI01_05_df24\SanctSound_CI01_05_df24_5s1Hz.ltsa,2/1/2023 13:59,UF,Other,6/12/2020 3:10:08.5,6/12/2020 4:21:29.5,,,,,,,Bocaccio sunset,,
\\frosty.ucsd.edu\sanctsound_decimated_2\CI\CI01\CI01_05\CI01_05_df24\SanctSound_CI01_05_df24_5s1Hz.ltsa,2/1/2023 13:59,UF,Other,6/12/2020 3:14:33.5,6/12/2020 4:08:04.5,,,,,,,HF sunset,,
\\frosty.ucsd.edu\sanctsound_decimated_2\CI\CI01\CI01_05\CI01_05_df24\SanctSound_CI01_05_df24_5s1Hz.ltsa,2/1/2023 13:59,UF,Other,6/12/2020 3:47:14.5,6/12/2020 12:06:06.5,,,,,,,Midshipman,,
\\frosty.ucsd.edu\sanctsound_decimated_2\CI\CI01\CI01_05\CI01_05_df24\SanctSound_CI01_05_df24_5s1Hz.ltsa,2/1/2023 14:00,UF,Other,6/12/2020 14:20:06.5,6/12/2020 17:12:50.5,,,,,,,White Seabass,,
\\frosty.ucsd.edu\sanctsound_decimated_2\CI\CI01\CI01_05\CI01_05_df24\SanctSound_CI01_05_df24_5s1Hz.ltsa,2/1/2023 14:00,UF,Other,6/13/2020 3:15:55.5,6/13/2020 4:27:25.5,,,,,,,Bocaccio sunset,,
\\frosty.ucsd.edu\sanctsound_decimated_2\CI\CI01\CI01_05\CI01_05_df24\SanctSound_CI01_05_df24_5s1Hz.ltsa,2/1/2023 14:00,UF,Other,6/13/2020 3:12:55.5,6/13/2020 4:14:00.5,,,,,,,HF sunset,,
\\frosty.ucsd.edu\sanctsound_decimated_2\CI\CI01\CI01_05\CI01_05_df24\SanctSound_CI01_05_df24_5s1Hz.ltsa,2/1/2023 14:00,UF,Other,6/13/2020 4:09:30.5,6/13/2020 12:14:55.5,,,,,,,Midshipman,,
\\frosty.ucsd.edu\sanctsound_decimated_2\CI\CI01\CI01_05\CI01_05_df24\SanctSound_CI01_05_df24_5s1Hz.ltsa,2/1/2023 14:00,UF,Other,6/13/2020 4:09:30.5,6/13/2020 13:10:00.5,,,,,,,White Seabass,,
\\frosty.ucsd.edu\sanctsound_decimated_2\CI\CI01\CI01_05\CI01_05_df24\SanctSound_CI01_05_df24_5s1Hz.ltsa,2/1/2023 14:00,UF,Other,6/13/2020 13:51:40.5,6/13/2020 15:41:50.5,,,,,,,White Seabass,,
\\frosty.ucsd.edu\sanctsound_decimated_2\CI\CI01\CI01_05\CI01_05_df24\SanctSound_CI01_05_df24_5s1Hz.ltsa,2/1/2023 14:01,UF,Other,6/13/2020 17:42:25.5,6/14/2020 10:11:14.5,,,,,,,White Seabass,,
\\frosty.ucsd.edu\sanctsound_decimated_2\CI\CI01\CI01_05\CI01_05_df24\SanctSound_CI01_05_df24_5s1Hz.ltsa,2/1/2023 14:01,UF,Other,6/14/2020 3:53:05.5,6/14/2020 11:56:59.5,,,,,,,Midshipman,,
\\frosty.ucsd.edu\sanctsound_decimated_2\CI\CI01\CI01_05\CI01_05_df24\SanctSound_CI01_05_df24_5s1Hz.ltsa,2/1/2023 14:01,UF,Other,6/14/2020 19:44:37.5,6/15/2020 6:53:12.5,,,,,,,White Seabass,,
\\frosty.ucsd.edu\sanctsound_decimated_2\CI\CI01\CI01_05\CI01_05_df24\SanctSound_CI01_05_df24_5s1Hz.ltsa,2/1/2023 14:01,UF,Other,6/15/2020 3:18:47.5,6/15/2020 3:56:02.5,,,,,,,HF sunset,,
\\frosty.ucsd.edu\sanctsound_decimated_2\CI\CI01\CI01_05\CI01_05_df24\SanctSound_CI01_05_df24_5s1Hz.ltsa,2/1/2023 14:01,UF,Other,6/15/2020 3:23:12.5,6/15/2020 4:16:52.5,,,,,,,Bocaccio sunset,,
\\frosty.ucsd.edu\sanctsound_decimated_2\CI\CI01\CI01_05\CI01_05_df24\SanctSound_CI01_05_df24_5s1Hz.ltsa,2/1/2023 14:01,UF,Other,6/15/2020 4:15:22.5,6/15/2020 12:23:44.5,,,,,,,Midshipman,,
\\frosty.ucsd.edu\sanctsound_decimated_2\CI\CI01\CI01_05\CI01_05_df24\SanctSound_CI01_05_df24_5s1Hz.ltsa,2/1/2023 14:02,UF,Other,6/15/2020 23:39:47.5,6/16/2020 3:15:39.5,,,,,,,White Seabass,,
\\frosty.ucsd.edu\sanctsound_decimated_2\CI\CI01\CI01_05\CI01_05_df24\SanctSound_CI01_05_df24_5s1Hz.ltsa,2/1/2023 14:02,UF,Other,6/16/2020 3:27:34.5,6/16/2020 4:46:29.5,,,,,,,Bocaccio sunset,,
\\frosty.ucsd.edu\sanctsound_decimated_2\CI\CI01\CI01_05\CI01_05_df24\SanctSound_CI01_05_df24_5s1Hz.ltsa,2/1/2023 14:02,UF,Other,6/16/2020 4:04:49.5,6/16/2020 12:16:12.5,,,,,,,Midshipman,,
\\frosty.ucsd.edu\sanctsound_decimated_2\CI\CI01\CI01_05\CI01_05_df24\SanctSound_CI01_05_df24_5s1Hz.ltsa,2/1/2023 14:02,UF,Other,6/16/2020 19:13:01.5,6/16/2020 22:13:14.5,,,,,,,White Seabass,,
\\frosty.ucsd.edu\sanctsound_decimated_2\CI\CI01\CI01_05\CI01_05_df24\SanctSound_CI01_05_df24_5s1Hz.ltsa,2/1/2023 14:03,UF,Other,6/17/2020 3:37:57.5,6/17/2020 4:46:27.5,,,,,,,Bocaccio sunset,,
\\frosty.ucsd.edu\sanctsound_decimated_2\CI\CI01\CI01_05\CI01_05_df24\SanctSound_CI01_05_df24_5s1Hz.ltsa,2/1/2023 14:03,UF,Other,6/17/2020 4:13:42.5,6/17/2020 12:05:42.5,,,,,,,Midshipman,,
\\frosty.ucsd.edu\sanctsound_decimated_2\CI\CI01\CI01_05\CI01_05_df24\SanctSound_CI01_05_df24_5s1Hz.ltsa,2/1/2023 14:03,UF,Other,6/18/2020 3:22:50.5,6/18/2020 5:05:35.5,,,,,,,Bocaccio sunset,,
\\frosty.ucsd.edu\sanctsound_decimated_2\CI\CI01\CI01_05\CI01_05_df24\SanctSound_CI01_05_df24_5s1Hz.ltsa,2/1/2023 14:03,UF,Other,6/18/2020 3:22:50.5,6/18/2020 4:37:20.5,,,,,,,HF sunset,,
\\frosty.ucsd.edu\sanctsound_decimated_2\CI\CI01\CI01_05\CI01_05_df24\SanctSound_CI01_05_df24_5s1Hz.ltsa,2/1/2023 14:03,UF,Other,6/18/2020 4:09:00.5,6/18/2020 12:05:33.5,,,,,,,Midshipman,,
\\frosty.ucsd.edu\sanctsound_decimated_2\CI\CI01\CI01_05\CI01_05_df24\SanctSound_CI01_05_df24_5s1Hz.ltsa,2/1/2023 14:04,UF,Other,6/19/2020 2:53:48.5,6/19/2020 4:09:48.5,,,,,,,Bocaccio sunset,,
\\frosty.ucsd.edu\sanctsound_decimated_2\CI\CI01\CI01_05\CI01_05_df24\SanctSound_CI01_05_df24_5s1Hz.ltsa,2/1/2023 14:04,UF,Other,6/19/2020 3:14:43.5,6/19/2020 3:48:58.5,,,,,,,HF sunset,,
\\frosty.ucsd.edu\sanctsound_decimated_2\CI\CI01\CI01_05\CI01_05_df24\SanctSound_CI01_05_df24_5s1Hz.ltsa,2/1/2023 14:04,UF,Other,6/19/2020 3:59:23.5,6/19/2020 12:07:45.5,,,,,,,Midshipman,,
\\frosty.ucsd.edu\sanctsound_decimated_2\CI\CI01\CI01_05\CI01_05_df24\SanctSound_CI01_05_df24_5s1Hz.ltsa,2/1/2023 14:04,UF,Other,6/20/2020 3:02:43.5,6/20/2020 4:21:38.5,,,,,,,Bocaccio sunset,,
\\frosty.ucsd.edu\sanctsound_decimated_2\CI\CI01\CI01_05\CI01_05_df24\SanctSound_CI01_05_df24_5s1Hz.ltsa,2/1/2023 14:04,UF,Other,6/20/2020 3:07:08.5,6/20/2020 4:09:43.5,,,,,,,HF sunset,,
\\frosty.ucsd.edu\sanctsound_decimated_2\CI\CI01\CI01_05\CI01_05_df24\SanctSound_CI01_05_df24_5s1Hz.ltsa,2/1/2023 14:04,UF,Other,6/20/2020 4:18:38.5,6/20/2020 12:19:32.5,,,,,,,Midshipman,,
\\frosty.ucsd.edu\sanctsound_decimated_2\CI\CI01\CI01_05\CI01_05_df24\SanctSound_CI01_05_df24_5s1Hz.ltsa,2/1/2023 14:08,UF,Other,6/21/2020 3:05:32.5,6/21/2020 4:27:27.5,,,,,,,Bocaccio sunset,,
\\frosty.ucsd.edu\sanctsound_decimated_2\CI\CI01\CI01_05\CI01_05_df24\SanctSound_CI01_05_df24_5s1Hz.ltsa,2/1/2023 14:08,UF,Other,6/21/2020 3:15:57.5,6/21/2020 4:02:07.5,,,,,,,HF sunset,,
\\frosty.ucsd.edu\sanctsound_decimated_2\CI\CI01\CI01_05\CI01_05_df24\SanctSound_CI01_05_df24_5s1Hz.ltsa,2/1/2023 14:08,UF,Other,6/21/2020 4:09:37.5,6/21/2020 12:04:31.5,,,,,,,Midshipman,,
\\frosty.ucsd.edu\sanctsound_decimated_2\CI\CI01\CI01_05\CI01_05_df24\SanctSound_CI01_05_df24_5s1Hz.ltsa,2/1/2023 14:09,UF,Other,6/22/2020 1:25:44.5,6/22/2020 3:15:54.5,,,,,,,White Seabass,,
\\frosty.ucsd.edu\sanctsound_decimated_2\CI\CI01\CI01_05\CI01_05_df24\SanctSound_CI01_05_df24_5s1Hz.ltsa,2/1/2023 14:09,UF,Other,6/22/2020 3:05:29.5,6/22/2020 4:22:59.5,,,,,,,Bocaccio sunset,,
\\frosty.ucsd.edu\sanctsound_decimated_2\CI\CI01\CI01_05\CI01_05_df24\SanctSound_CI01_05_df24_5s1Hz.ltsa,2/1/2023 14:09,UF,Other,6/22/2020 3:48:44.5,6/22/2020 12:02:58.5,,,,,,,Midshipman,,
\\frosty.ucsd.edu\sanctsound_decimated_2\CI\CI01\CI01_05\CI01_05_df24\SanctSound_CI01_05_df24_5s1Hz.ltsa,2/1/2023 14:09,UF,Other,6/23/2020 3:14:19.5,6/23/2020 4:06:24.5,,,,,,,Bocaccio sunset,,
\\frosty.ucsd.edu\sanctsound_decimated_2\CI\CI01\CI01_05\CI01_05_df24\SanctSound_CI01_05_df24_5s1Hz.ltsa,2/1/2023 14:09,UF,Other,6/23/2020 3:55:59.5,6/23/2020 12:16:10.5,,,,,,,Midshipman,,
\\frosty.ucsd.edu\sanctsound_decimated_2\CI\CI01\CI01_05\CI01_05_df24\SanctSound_CI01_05_df24_5s1Hz.ltsa,2/1/2023 14:09,UF,Other,6/24/2020 3:02:15.5,6/24/2020 4:18:10.5,,,,,,,Bocaccio sunset,,
\\frosty.ucsd.edu\sanctsound_decimated_2\CI\CI01\CI01_05\CI01_05_df24\SanctSound_CI01_05_df24_5s1Hz.ltsa,2/1/2023 14:10,UF,Other,6/24/2020 3:49:50.5,6/24/2020 12:16:07.5,,,,,,,Midshipman,,
\\frosty.ucsd.edu\sanctsound_decimated_2\CI\CI01\CI01_05\CI01_05_df24\SanctSound_CI01_05_df24_5s1Hz.ltsa,2/1/2023 14:10,UF,Other,6/25/2020 3:18:34.5,6/25/2020 3:55:49.5,,,,,,,HF sunset,,
\\frosty.ucsd.edu\sanctsound_decimated_2\CI\CI01\CI01_05\CI01_05_df24\SanctSound_CI01_05_df24_5s1Hz.ltsa,2/1/2023 14:10,UF,Other,6/25/2020 2:59:14.5,6/25/2020 4:37:28.5,,,,,,,Bocaccio sunset,,
\\frosty.ucsd.edu\sanctsound_decimated_2\CI\CI01\CI01_05\CI01_05_df24\SanctSound_CI01_05_df24_5s1Hz.ltsa,2/1/2023 14:10,UF,Other,6/25/2020 3:55:49.5,6/25/2020 12:31:00.5,,,,,,,Midshipman,,
\\frosty.ucsd.edu\sanctsound_decimated_2\CI\CI01\CI01_05\CI01_05_df24\SanctSound_CI01_05_df24_5s1Hz.ltsa,2/1/2023 14:10,UF,Other,6/25/2020 19:17:24.5,6/26/2020 5:36:56.5,,,,,,,White Seabass,,
\\frosty.ucsd.edu\sanctsound_decimated_2\CI\CI01\CI01_05\CI01_05_df24\SanctSound_CI01_05_df24_5s1Hz.ltsa,2/1/2023 14:11,UF,Other,6/26/2020 3:21:27.5,6/26/2020 4:37:21.5,,,,,,,Bocaccio sunset,,
\\frosty.ucsd.edu\sanctsound_decimated_2\CI\CI01\CI01_05\CI01_05_df24\SanctSound_CI01_05_df24_5s1Hz.ltsa,2/1/2023 14:11,UF,Other,6/26/2020 3:24:27.5,6/26/2020 4:00:11.5,,,,,,,HF sunset,,
\\frosty.ucsd.edu\sanctsound_decimated_2\CI\CI01\CI01_05\CI01_05_df24\SanctSound_CI01_05_df24_5s1Hz.ltsa,2/1/2023 14:11,UF,Other,6/26/2020 4:03:06.5,6/26/2020 12:17:26.5,,,,,,,Midshipman,,
\\frosty.ucsd.edu\sanctsound_decimated_2\CI\CI01\CI01_05\CI01_05_df24\SanctSound_CI01_05_df24_5s1Hz.ltsa,2/1/2023 14:11,UF,Other,6/26/2020 20:51:06.5,6/27/2020 4:14:51.5,,,,,,,White Seabass,,
\\frosty.ucsd.edu\sanctsound_decimated_2\CI\CI01\CI01_05\CI01_05_df24\SanctSound_CI01_05_df24_5s1Hz.ltsa,2/1/2023 14:11,UF,Other,6/27/2020 3:19:46.5,6/27/2020 4:29:46.5,,,,,,,Bocaccio sunset,,
\\frosty.ucsd.edu\sanctsound_decimated_2\CI\CI01\CI01_05\CI01_05_df24\SanctSound_CI01_05_df24_5s1Hz.ltsa,2/1/2023 14:11,UF,Other,6/27/2020 3:16:49.5,6/27/2020 4:22:21.5,,,,,,,HF sunset,,
\\frosty.ucsd.edu\sanctsound_decimated_2\CI\CI01\CI01_05\CI01_05_df24\SanctSound_CI01_05_df24_5s1Hz.ltsa,2/1/2023 14:12,UF,Other,6/27/2020 4:13:21.5,6/27/2020 12:17:18.5,,,,,,,Midshipman,,
\\frosty.ucsd.edu\sanctsound_decimated_2\CI\CI01\CI01_05\CI01_05_df24\SanctSound_CI01_05_df24_5s1Hz.ltsa,2/1/2023 14:12,UF,Other,6/27/2020 6:03:36.5,6/27/2020 10:28:38.5,,,,,,,White Seabass,,
\\frosty.ucsd.edu\sanctsound_decimated_2\CI\CI01\CI01_05\CI01_05_df24\SanctSound_CI01_05_df24_5s1Hz.ltsa,2/1/2023 14:12,UF,Other,6/27/2020 15:45:44.5,6/27/2020 22:36:42.5,,,,,,,White Seabass,,
\\frosty.ucsd.edu\sanctsound_decimated_2\CI\CI01\CI01_05\CI01_05_df24\SanctSound_CI01_05_df24_5s1Hz.ltsa,2/1/2023 14:12,UF,Other,6/28/2020 3:18:05.5,6/28/2020 4:07:15.5,,,,,,,Bocaccio sunset,,
\\frosty.ucsd.edu\sanctsound_decimated_2\CI\CI01\CI01_05\CI01_05_df24\SanctSound_CI01_05_df24_5s1Hz.ltsa,2/1/2023 14:12,UF,Other,6/28/2020 3:16:35.5,6/28/2020 4:13:10.5,,,,,,,HF sunset,,
\\frosty.ucsd.edu\sanctsound_decimated_2\CI\CI01\CI01_05\CI01_05_df24\SanctSound_CI01_05_df24_5s1Hz.ltsa,2/1/2023 14:12,UF,Other,6/28/2020 4:11:40.5,6/28/2020 12:11:12.5,,,,,,,Midshipman,,
\\frosty.ucsd.edu\sanctsound_decimated_2\CI\CI01\CI01_05\CI01_05_df24\SanctSound_CI01_05_df24_5s1Hz.ltsa,2/1/2023 14:12,UF,Other,6/29/2020 3:28:21.5,6/29/2020 4:29:26.5,,,,,,,Bocaccio sunset,,
\\frosty.ucsd.edu\sanctsound_decimated_2\CI\CI01\CI01_05\CI01_05_df24\SanctSound_CI01_05_df24_5s1Hz.ltsa,2/1/2023 14:12,UF,Other,6/29/2020 3:22:26.5,6/29/2020 4:14:31.5,,,,,,,HF sunset,,
\\frosty.ucsd.edu\sanctsound_decimated_2\CI\CI01\CI01_05\CI01_05_df24\SanctSound_CI01_05_df24_5s1Hz.ltsa,2/1/2023 14:13,UF,Other,6/29/2020 3:56:41.5,6/29/2020 12:27:24.5,,,,,,,Midshipman,,
\\frosty.ucsd.edu\sanctsound_decimated_2\CI\CI01\CI01_05\CI01_05_df24\SanctSound_CI01_05_df24_5s1Hz.ltsa,2/1/2023 14:13,UF,Other,6/29/2020 20:14:53.5,6/29/2020 20:56:38.5,,,,,,,White Seabass,,
\\frosty.ucsd.edu\sanctsound_decimated_2\CI\CI01\CI01_05\CI01_05_df24\SanctSound_CI01_05_df24_5s1Hz.ltsa,2/1/2023 14:13,UF,Other,6/30/2020 1:20:13.5,6/30/2020 5:24:26.5,,,,,,,White Seabass,,
\\frosty.ucsd.edu\sanctsound_decimated_2\CI\CI01\CI01_05\CI01_05_df24\SanctSound_CI01_05_df24_5s1Hz.ltsa,2/1/2023 14:13,UF,Other,6/30/2020 3:41:41.5,6/30/2020 4:24:51.5,,,,,,,Bocaccio sunset,,
\\frosty.ucsd.edu\sanctsound_decimated_2\CI\CI01\CI01_05\CI01_05_df24\SanctSound_CI01_05_df24_5s1Hz.ltsa,2/1/2023 14:13,UF,Other,6/30/2020 3:31:16.5,6/30/2020 4:11:26.5,,,,,,,HF sunset,,
\\frosty.ucsd.edu\sanctsound_decimated_2\CI\CI01\CI01_05\CI01_05_df24\SanctSound_CI01_05_df24_5s1Hz.ltsa,2/1/2023 14:13,UF,Other,6/30/2020 4:18:56.5,6/30/2020 12:03:27.5,,,,,,,Midshipman,,
\\frosty.ucsd.edu\sanctsound_decimated_2\CI\CI01\CI01_05\CI01_05_df24\SanctSound_CI01_05_df24_5s1Hz.ltsa,2/1/2023 14:14,UF,Other,6/30/2020 18:26:09.5,7/1/2020 6:10:29.5,,,,,,,White Seabass,,
\\frosty.ucsd.edu\sanctsound_decimated_2\CI\CI01\CI01_05\CI01_05_df24\SanctSound_CI01_05_df24_5s1Hz.ltsa,2/1/2023 14:14,UF,Other,7/1/2020 3:25:14.5,7/1/2020 4:30:44.5,,,,,,,Bocaccio sunset,,
\\frosty.ucsd.edu\sanctsound_decimated_2\CI\CI01\CI01_05\CI01_05_df24\SanctSound_CI01_05_df24_5s1Hz.ltsa,2/1/2023 14:14,UF,Other,7/1/2020 3:26:39.5,7/1/2020 4:09:54.5,,,,,,,HF sunset,,
\\frosty.ucsd.edu\sanctsound_decimated_2\CI\CI01\CI01_05\CI01_05_df24\SanctSound_CI01_05_df24_5s1Hz.ltsa,2/1/2023 14:14,UF,Other,7/1/2020 3:59:29.5,7/1/2020 12:09:23.5,,,,,,,Midshipman,,
\\frosty.ucsd.edu\sanctsound_decimated_2\CI\CI01\CI01_05\CI01_05_df24\SanctSound_CI01_05_df24_5s1Hz.ltsa,2/1/2023 14:14,UF,Other,7/2/2020 3:23:37.5,7/2/2020 4:35:02.5,,,,,,,Bocaccio sunset,,
\\frosty.ucsd.edu\sanctsound_decimated_2\CI\CI01\CI01_05\CI01_05_df24\SanctSound_CI01_05_df24_5s1Hz.ltsa,2/1/2023 14:15,UF,Other,7/2/2020 3:20:37.5,7/2/2020 4:09:47.5,,,,,,,HF sunset,,
\\frosty.ucsd.edu\sanctsound_decimated_2\CI\CI01\CI01_05\CI01_05_df24\SanctSound_CI01_05_df24_5s1Hz.ltsa,2/1/2023 14:15,UF,Other,7/2/2020 3:44:27.5,7/2/2020 12:12:05.5,,,,,,,Midshipman,,
\\frosty.ucsd.edu\sanctsound_decimated_2\CI\CI01\CI01_05\CI01_05_df24\SanctSound_CI01_05_df24_5s1Hz.ltsa,2/1/2023 14:15,UF,Other,7/3/2020 3:04:07.5,7/3/2020 4:23:02.5,,,,,,,Bocaccio sunset,,
\\frosty.ucsd.edu\sanctsound_decimated_2\CI\CI01\CI01_05\CI01_05_df24\SanctSound_CI01_05_df24_5s1Hz.ltsa,2/1/2023 14:15,UF,Other,7/3/2020 3:16:02.5,7/3/2020 4:06:42.5,,,,,,,HF sunset,,
\\frosty.ucsd.edu\sanctsound_decimated_2\CI\CI01\CI01_05\CI01_05_df24\SanctSound_CI01_05_df24_5s1Hz.ltsa,2/1/2023 14:15,UF,Other,7/3/2020 4:05:12.5,7/3/2020 12:22:26.5,,,,,,,Midshipman,,
\\frosty.ucsd.edu\sanctsound_decimated_2\CI\CI01\CI01_05\CI01_05_df24\SanctSound_CI01_05_df24_5s1Hz.ltsa,2/1/2023 14:15,UF,Other,7/4/2020 2:52:07.5,7/4/2020 4:08:07.5,,,,,,,Bocaccio sunset,,
\\frosty.ucsd.edu\sanctsound_decimated_2\CI\CI01\CI01_05\CI01_05_df24\SanctSound_CI01_05_df24_5s1Hz.ltsa,2/1/2023 14:15,UF,Other,7/4/2020 2:58:07.5,7/4/2020 4:00:37.5,,,,,,,HF sunset,,
\\frosty.ucsd.edu\sanctsound_decimated_2\CI\CI01\CI01_05\CI01_05_df24\SanctSound_CI01_05_df24_5s1Hz.ltsa,2/1/2023 14:15,UF,Other,7/4/2020 3:56:12.5,7/4/2020 7:36:35.5,,,,,,,Midshipman,,
\\frosty.ucsd.edu\sanctsound_decimated_2\CI\CI01\CI01_05\CI01_05_df24\SanctSound_CI01_05_df24_5s1Hz.ltsa,2/1/2023 14:16,UF,Other,7/4/2020 8:33:10.5,7/4/2020 12:25:20.5,,,,,,,Midshipman,,
\\frosty.ucsd.edu\sanctsound_decimated_2\CI\CI01\CI01_05\CI01_05_df24\SanctSound_CI01_05_df24_5s1Hz.ltsa,2/1/2023 14:16,UF,Other,7/5/2020 0:09:40.5,7/5/2020 8:16:34.5,,,,,,,White Seabass,,
\\frosty.ucsd.edu\sanctsound_decimated_2\CI\CI01\CI01_05\CI01_05_df24\SanctSound_CI01_05_df24_5s1Hz.ltsa,2/1/2023 14:16,UF,Other,7/5/2020 3:06:55.5,7/5/2020 4:13:55.5,,,,,,,Bocaccio sunset,,
\\frosty.ucsd.edu\sanctsound_decimated_2\CI\CI01\CI01_05\CI01_05_df24\SanctSound_CI01_05_df24_5s1Hz.ltsa,2/1/2023 14:16,UF,Other,7/5/2020 3:14:20.5,7/5/2020 4:05:00.5,,,,,,,HF sunset,,
\\frosty.ucsd.edu\sanctsound_decimated_2\CI\CI01\CI01_05\CI01_05_df24\SanctSound_CI01_05_df24_5s1Hz.ltsa,2/1/2023 14:16,UF,Other,7/5/2020 3:26:15.5,7/5/2020 12:07:18.5,,,,,,,Midshipman,,
\\frosty.ucsd.edu\sanctsound_decimated_2\CI\CI01\CI01_05\CI01_05_df24\SanctSound_CI01_05_df24_5s1Hz.ltsa,2/1/2023 14:17,UF,Other,7/5/2020 23:18:47.5,7/6/2020 4:25:35.5,,,,,,,White Seabass,,
\\frosty.ucsd.edu\sanctsound_decimated_2\CI\CI01\CI01_05\CI01_05_df24\SanctSound_CI01_05_df24_5s1Hz.ltsa,2/1/2023 14:17,UF,Other,7/6/2020 3:14:07.5,7/6/2020 4:13:42.5,,,,,,,Bocaccio sunset,,
\\frosty.ucsd.edu\sanctsound_decimated_2\CI\CI01\CI01_05\CI01_05_df24\SanctSound_CI01_05_df24_5s1Hz.ltsa,2/1/2023 14:17,UF,Other,7/6/2020 3:18:37.5,7/6/2020 3:57:22.5,,,,,,,HF sunset,,
\\frosty.ucsd.edu\sanctsound_decimated_2\CI\CI01\CI01_05\CI01_05_df24\SanctSound_CI01_05_df24_5s1Hz.ltsa,2/1/2023 14:17,UF,Other,7/6/2020 3:32:02.5,7/6/2020 12:14:37.5,,,,,,,Midshipman,,
\\frosty.ucsd.edu\sanctsound_decimated_2\CI\CI01\CI01_05\CI01_05_df24\SanctSound_CI01_05_df24_5s1Hz.ltsa,2/1/2023 14:17,UF,Other,7/7/2020 3:25:57.5,7/7/2020 4:13:35.5,,,,,,,Bocaccio sunset,,
\\frosty.ucsd.edu\sanctsound_decimated_2\CI\CI01\CI01_05\CI01_05_df24\SanctSound_CI01_05_df24_5s1Hz.ltsa,2/1/2023 14:17,UF,Other,7/7/2020 3:17:02.5,7/7/2020 4:13:35.5,,,,,,,HF sunset,,
\\frosty.ucsd.edu\sanctsound_decimated_2\CI\CI01\CI01_05\CI01_05_df24\SanctSound_CI01_05_df24_5s1Hz.ltsa,2/1/2023 14:17,UF,Other,7/7/2020 3:37:52.5,7/7/2020 12:08:39.5,,,,,,,Midshipman,,
\\frosty.ucsd.edu\sanctsound_decimated_2\CI\CI01\CI01_05\CI01_05_df24\SanctSound_CI01_05_df24_5s1Hz.ltsa,2/1/2023 14:17,UF,Other,7/8/2020 1:13:19.5,7/8/2020 1:57:59.5,,,,,,,White Seabass,,
\\frosty.ucsd.edu\sanctsound_decimated_2\CI\CI01\CI01_05\CI01_05_df24\SanctSound_CI01_05_df24_5s1Hz.ltsa,2/1/2023 14:18,UF,Other,7/8/2020 3:24:22.5,7/8/2020 4:38:47.5,,,,,,,Bocaccio sunset,,
\\frosty.ucsd.edu\sanctsound_decimated_2\CI\CI01\CI01_05\CI01_05_df24\SanctSound_CI01_05_df24_5s1Hz.ltsa,2/1/2023 14:18,UF,Other,7/8/2020 3:07:59.5,7/8/2020 4:43:17.5,,,,,,,HF sunset,,
\\frosty.ucsd.edu\sanctsound_decimated_2\CI\CI01\CI01_05\CI01_05_df24\SanctSound_CI01_05_df24_5s1Hz.ltsa,2/1/2023 14:18,UF,Other,7/8/2020 3:51:07.5,7/8/2020 12:21:49.5,,,,,,,White Seabass,,
\\frosty.ucsd.edu\sanctsound_decimated_2\CI\CI01\CI01_05\CI01_05_df24\SanctSound_CI01_05_df24_5s1Hz.ltsa,2/1/2023 14:18,UF,Other,7/9/2020 3:28:37.5,7/9/2020 5:32:12.5,,,,,,,Bocaccio sunset,,
\\frosty.ucsd.edu\sanctsound_decimated_2\CI\CI01\CI01_05\CI01_05_df24\SanctSound_CI01_05_df24_5s1Hz.ltsa,2/1/2023 14:18,UF,Other,7/9/2020 3:25:37.5,7/9/2020 4:16:17.5,,,,,,,HF sunset,,
\\frosty.ucsd.edu\sanctsound_decimated_2\CI\CI01\CI01_05\CI01_05_df24\SanctSound_CI01_05_df24_5s1Hz.ltsa,2/1/2023 14:18,UF,Other,7/9/2020 4:08:52.5,7/9/2020 12:21:40.5,,,,,,,Midshipman,,
\\frosty.ucsd.edu\sanctsound_decimated_2\CI\CI01\CI01_05\CI01_05_df24\SanctSound_CI01_05_df24_5s1Hz.ltsa,2/1/2023 14:18,UF,Other,7/9/2020 23:10:53.5,7/10/2020 1:47:13.5,,,,,,,White Seabass,,
\\frosty.ucsd.edu\sanctsound_decimated_2\CI\CI01\CI01_05\CI01_05_df24\SanctSound_CI01_05_df24_5s1Hz.ltsa,2/1/2023 14:18,UF,Other,7/10/2020 3:06:06.5,7/10/2020 5:08:11.5,,,,,,,Bocaccio sunset,,
\\frosty.ucsd.edu\sanctsound_decimated_2\CI\CI01\CI01_05\CI01_05_df24\SanctSound_CI01_05_df24_5s1Hz.ltsa,2/1/2023 14:19,UF,Other,7/10/2020 3:07:36.5,7/10/2020 4:28:01.5,,,,,,,HF sunset,,
\\frosty.ucsd.edu\sanctsound_decimated_2\CI\CI01\CI01_05\CI01_05_df24\SanctSound_CI01_05_df24_5s1Hz.ltsa,2/1/2023 14:19,UF,Other,7/10/2020 3:40:21.5,7/10/2020 12:14:02.5,,,,,,,Midshipman,,
\\frosty.ucsd.edu\sanctsound_decimated_2\CI\CI01\CI01_05\CI01_05_df24\SanctSound_CI01_05_df24_5s1Hz.ltsa,2/1/2023 14:19,UF,Other,7/11/2020 0:13:11.5,7/11/2020 2:42:03.5,,,,,,,White Seabass,,
\\frosty.ucsd.edu\sanctsound_decimated_2\CI\CI01\CI01_05\CI01_05_df24\SanctSound_CI01_05_df24_5s1Hz.ltsa,2/1/2023 14:19,UF,Other,7/11/2020 3:10:23.5,7/11/2020 4:24:48.5,,,,,,,Bocaccio sunset,,
\\frosty.ucsd.edu\sanctsound_decimated_2\CI\CI01\CI01_05\CI01_05_df24\SanctSound_CI01_05_df24_5s1Hz.ltsa,2/1/2023 14:20,UF,Other,7/11/2020 3:19:18.5,7/11/2020 4:12:53.5,,,,,,,HF sunset,,
\\frosty.ucsd.edu\sanctsound_decimated_2\CI\CI01\CI01_05\CI01_05_df24\SanctSound_CI01_05_df24_5s1Hz.ltsa,2/1/2023 14:20,UF,Other,7/11/2020 3:56:33.5,7/11/2020 12:15:22.5,,,,,,,Midshipman,,
\\frosty.ucsd.edu\sanctsound_decimated_2\CI\CI01\CI01_05\CI01_05_df24\SanctSound_CI01_05_df24_5s1Hz.ltsa,2/1/2023 14:20,UF,Other,7/11/2020 22:03:30.5,7/12/2020 8:09:33.5,,,,,,,White Seabass,,
\\frosty.ucsd.edu\sanctsound_decimated_2\CI\CI01\CI01_05\CI01_05_df24\SanctSound_CI01_05_df24_5s1Hz.ltsa,2/2/2023 9:56,UF,Other,7/12/2020 3:23:13.5,7/12/2020 4:25:43.5,,,,,,,Bocaccio sunset,,
\\frosty.ucsd.edu\sanctsound_decimated_2\CI\CI01\CI01_05\CI01_05_df24\SanctSound_CI01_05_df24_5s1Hz.ltsa,2/2/2023 9:56,UF,Other,7/12/2020 3:30:38.5,7/12/2020 4:07:53.5,,,,,,,HF sunset,,
\\frosty.ucsd.edu\sanctsound_decimated_2\CI\CI01\CI01_05\CI01_05_df24\SanctSound_CI01_05_df24_5s1Hz.ltsa,2/2/2023 9:56,UF,Other,7/12/2020 4:03:23.5,7/12/2020 12:11:43.5,,,,,,,Midshipman,,
\\frosty.ucsd.edu\sanctsound_decimated_2\CI\CI01\CI01_05\CI01_05_df24\SanctSound_CI01_05_df24_5s1Hz.ltsa,2/2/2023 9:56,UF,Other,7/12/2020 11:38:58.5,7/12/2020 12:40:03.5,,,,,,,Bocaccio sunrise,,
\\frosty.ucsd.edu\sanctsound_decimated_2\CI\CI01\CI01_05\CI01_05_df24\SanctSound_CI01_05_df24_5s1Hz.ltsa,2/2/2023 10:00,UF,Other,7/12/2020 21:24:09.5,7/13/2020 3:30:32.5,,,,,,,White Seabass,,
\\frosty.ucsd.edu\sanctsound_decimated_2\CI\CI01\CI01_05\CI01_05_df24\SanctSound_CI01_05_df24_5s1Hz.ltsa,2/2/2023 10:00,UF,Other,7/13/2020 3:29:02.5,7/13/2020 4:21:12.5,,,,,,,Bocaccio sunset,,
\\frosty.ucsd.edu\sanctsound_decimated_2\CI\CI01\CI01_05\CI01_05_df24\SanctSound_CI01_05_df24_5s1Hz.ltsa,2/2/2023 10:00,UF,Other,7/13/2020 3:18:37.5,7/13/2020 3:55:52.5,,,,,,,HF sunset,,
\\frosty.ucsd.edu\sanctsound_decimated_2\CI\CI01\CI01_05\CI01_05_df24\SanctSound_CI01_05_df24_5s1Hz.ltsa,2/2/2023 10:00,UF,Other,7/13/2020 4:00:17.5,7/13/2020 12:08:43.5,,,,,,,Midshipman,,
\\frosty.ucsd.edu\sanctsound_decimated_2\CI\CI01\CI01_05\CI01_05_df24\SanctSound_CI01_05_df24_5s1Hz.ltsa,2/2/2023 10:00,UF,Other,7/13/2020 11:32:58.5,7/13/2020 12:54:51.5,,,,,,,Bocaccio sunrise,,
\\frosty.ucsd.edu\sanctsound_decimated_2\CI\CI01\CI01_05\CI01_05_df24\SanctSound_CI01_05_df24_5s1Hz.ltsa,2/2/2023 10:01,UF,Other,7/14/2020 3:17:03.5,7/14/2020 4:33:03.5,,,,,,,Bocaccio sunset,,
\\frosty.ucsd.edu\sanctsound_decimated_2\CI\CI01\CI01_05\CI01_05_df24\SanctSound_CI01_05_df24_5s1Hz.ltsa,2/2/2023 10:01,UF,Other,7/14/2020 3:24:33.5,7/14/2020 3:55:48.5,,,,,,,HF sunset,,
\\frosty.ucsd.edu\sanctsound_decimated_2\CI\CI01\CI01_05\CI01_05_df24\SanctSound_CI01_05_df24_5s1Hz.ltsa,2/2/2023 10:01,UF,Other,7/14/2020 3:52:48.5,7/14/2020 12:04:08.5,,,,,,,Midshipman,,
\\frosty.ucsd.edu\sanctsound_decimated_2\CI\CI01\CI01_05\CI01_05_df24\SanctSound_CI01_05_df24_5s1Hz.ltsa,2/2/2023 10:01,UF,Other,7/14/2020 11:32:53.5,7/14/2020 12:42:48.5,,,,,,,Bocaccio sunrise,,
\\frosty.ucsd.edu\sanctsound_decimated_2\CI\CI01\CI01_05\CI01_05_df24\SanctSound_CI01_05_df24_5s1Hz.ltsa,2/2/2023 10:01,UF,Other,7/14/2020 23:25:58.5,7/15/2020 2:29:07.5,,,,,,,White Seabass,,
\\frosty.ucsd.edu\sanctsound_decimated_2\CI\CI01\CI01_05\CI01_05_df24\SanctSound_CI01_05_df24_5s1Hz.ltsa,2/2/2023 10:01,UF,Other,7/15/2020 3:16:47.5,7/15/2020 4:35:42.5,,,,,,,Bocaccio sunset,,
\\frosty.ucsd.edu\sanctsound_decimated_2\CI\CI01\CI01_05\CI01_05_df24\SanctSound_CI01_05_df24_5s1Hz.ltsa,2/2/2023 10:02,UF,Other,7/15/2020 3:21:17.5,7/15/2020 4:10:27.5,,,,,,,HF sunset,,
\\frosty.ucsd.edu\sanctsound_decimated_2\CI\CI01\CI01_05\CI01_05_df24\SanctSound_CI01_05_df24_5s1Hz.ltsa,2/2/2023 10:02,UF,Other,7/15/2020 3:59:57.5,7/15/2020 12:26:09.5,,,,,,,Midshipman,,
\\frosty.ucsd.edu\sanctsound_decimated_2\CI\CI01\CI01_05\CI01_05_df24\SanctSound_CI01_05_df24_5s1Hz.ltsa,2/2/2023 10:02,UF,Other,7/15/2020 11:17:41.5,7/15/2020 12:44:04.5,,,,,,,Bocaccio sunrise,,
\\frosty.ucsd.edu\sanctsound_decimated_2\CI\CI01\CI01_05\CI01_05_df24\SanctSound_CI01_05_df24_5s1Hz.ltsa,2/2/2023 10:02,UF,Other,7/15/2020 11:47:31.5,7/15/2020 12:42:34.5,,,,,,,HF sunrise,,
\\frosty.ucsd.edu\sanctsound_decimated_2\CI\CI01\CI01_05\CI01_05_df24\SanctSound_CI01_05_df24_5s1Hz.ltsa,2/2/2023 10:02,UF,Other,7/15/2020 19:37:57.5,7/15/2020 22:36:42.5,,,,,,,White Seabass,,
\\frosty.ucsd.edu\sanctsound_decimated_2\CI\CI01\CI01_05\CI01_05_df24\SanctSound_CI01_05_df24_5s1Hz.ltsa,2/2/2023 10:02,UF,Other,7/16/2020 0:19:25.5,7/16/2020 3:36:00.5,,,,,,,White Seabass,,
\\frosty.ucsd.edu\sanctsound_decimated_2\CI\CI01\CI01_05\CI01_05_df24\SanctSound_CI01_05_df24_5s1Hz.ltsa,2/2/2023 10:02,UF,Other,7/16/2020 3:19:35.5,7/16/2020 5:08:15.5,,,,,,,Bocaccio sunset,,
\\frosty.ucsd.edu\sanctsound_decimated_2\CI\CI01\CI01_05\CI01_05_df24\SanctSound_CI01_05_df24_5s1Hz.ltsa,2/2/2023 10:02,UF,Other,7/16/2020 3:28:30.5,7/16/2020 4:14:40.5,,,,,,,HF sunset,,
\\frosty.ucsd.edu\sanctsound_decimated_2\CI\CI01\CI01_05\CI01_05_df24\SanctSound_CI01_05_df24_5s1Hz.ltsa,2/2/2023 10:03,UF,Other,7/16/2020 3:55:20.5,7/16/2020 12:33:30.5,,,,,,,Midshipman,,
\\frosty.ucsd.edu\sanctsound_decimated_2\CI\CI01\CI01_05\CI01_05_df24\SanctSound_CI01_05_df24_5s1Hz.ltsa,2/2/2023 10:03,UF,Other,7/16/2020 11:19:03.5,7/16/2020 12:37:55.5,,,,,,,Bocaccio sunrise,,
\\frosty.ucsd.edu\sanctsound_decimated_2\CI\CI01\CI01_05\CI01_05_df24\SanctSound_CI01_05_df24_5s1Hz.ltsa,2/2/2023 10:03,UF,Other,7/16/2020 11:24:58.5,7/16/2020 12:34:55.5,,,,,,,HF sunrise,,
\\frosty.ucsd.edu\sanctsound_decimated_2\CI\CI01\CI01_05\CI01_05_df24\SanctSound_CI01_05_df24_5s1Hz.ltsa,2/2/2023 10:03,UF,Other,7/16/2020 18:05:24.5,7/17/2020 6:22:32.5,,,,,,,White Seabass,,
\\frosty.ucsd.edu\sanctsound_decimated_2\CI\CI01\CI01_05\CI01_05_df24\SanctSound_CI01_05_df24_5s1Hz.ltsa,2/2/2023 10:03,UF,Other,7/17/2020 3:12:02.5,7/17/2020 4:29:27.5,,,,,,,Bocaccio sunset,,
\\frosty.ucsd.edu\sanctsound_decimated_2\CI\CI01\CI01_05\CI01_05_df24\SanctSound_CI01_05_df24_5s1Hz.ltsa,2/2/2023 10:03,UF,Other,7/17/2020 3:16:27.5,7/17/2020 4:08:37.5,,,,,,,HF sunset,,
\\frosty.ucsd.edu\sanctsound_decimated_2\CI\CI01\CI01_05\CI01_05_df24\SanctSound_CI01_05_df24_5s1Hz.ltsa,2/2/2023 10:03,UF,Other,7/17/2020 3:55:12.5,7/17/2020 12:16:54.5,,,,,,,Midshipman,,
\\frosty.ucsd.edu\sanctsound_decimated_2\CI\CI01\CI01_05\CI01_05_df24\SanctSound_CI01_05_df24_5s1Hz.ltsa,2/2/2023 10:04,UF,Other,7/17/2020 11:06:57.5,7/17/2020 12:34:44.5,,,,,,,Bocaccio sunrise,,
\\frosty.ucsd.edu\sanctsound_decimated_2\CI\CI01\CI01_05\CI01_05_df24\SanctSound_CI01_05_df24_5s1Hz.ltsa,2/2/2023 10:04,UF,Other,7/17/2020 11:41:09.5,7/17/2020 12:25:49.5,,,,,,,HF sunrise,,
\\frosty.ucsd.edu\sanctsound_decimated_2\CI\CI01\CI01_05\CI01_05_df24\SanctSound_CI01_05_df24_5s1Hz.ltsa,2/2/2023 10:04,UF,Other,7/17/2020 3:19:27.5,7/17/2020 12:24:19.5,,,,,,,HF,,
\\frosty.ucsd.edu\sanctsound_decimated_2\CI\CI01\CI01_05\CI01_05_df24\SanctSound_CI01_05_df24_5s1Hz.ltsa,2/2/2023 10:04,UF,Other,7/17/2020 14:04:09.5,7/18/2020 4:57:33.5,,,,,,,White Seabass,,
\\frosty.ucsd.edu\sanctsound_decimated_2\CI\CI01\CI01_05\CI01_05_df24\SanctSound_CI01_05_df24_5s1Hz.ltsa,2/2/2023 10:04,UF,Other,7/18/2020 3:22:18.5,7/18/2020 4:32:18.5,,,,,,,Bocaccio sunset,,
\\frosty.ucsd.edu\sanctsound_decimated_2\CI\CI01\CI01_05\CI01_05_df24\SanctSound_CI01_05_df24_5s1Hz.ltsa,2/2/2023 10:04,UF,Other,7/18/2020 3:23:48.5,7/18/2020 4:11:23.5,,,,,,,HF sunset,,
\\frosty.ucsd.edu\sanctsound_decimated_2\CI\CI01\CI01_05\CI01_05_df24\SanctSound_CI01_05_df24_5s1Hz.ltsa,2/2/2023 10:04,UF,Other,7/18/2020 4:02:28.5,7/18/2020 12:12:16.5,,,,,,,Midshipman,,
\\frosty.ucsd.edu\sanctsound_decimated_2\CI\CI01\CI01_05\CI01_05_df24\SanctSound_CI01_05_df24_5s1Hz.ltsa,2/2/2023 10:04,UF,Other,7/18/2020 11:42:31.5,7/18/2020 12:19:46.5,,,,,,,HF sunrise,,
\\frosty.ucsd.edu\sanctsound_decimated_2\CI\CI01\CI01_05\CI01_05_df24\SanctSound_CI01_05_df24_5s1Hz.ltsa,2/2/2023 10:05,UF,Other,7/18/2020 3:22:18.5,7/18/2020 12:24:11.5,,,,,,,HF,,
\\frosty.ucsd.edu\sanctsound_decimated_2\CI\CI01\CI01_05\CI01_05_df24\SanctSound_CI01_05_df24_5s1Hz.ltsa,2/2/2023 10:05,UF,Other,7/18/2020 19:24:07.5,7/19/2020 6:31:10.5,,,,,,,White Seabass,,
\\frosty.ucsd.edu\sanctsound_decimated_2\CI\CI01\CI01_05\CI01_05_df24\SanctSound_CI01_05_df24_5s1Hz.ltsa,2/2/2023 10:05,UF,Other,7/19/2020 3:02:45.5,7/19/2020 4:03:50.5,,,,,,,Bocaccio sunset,,
\\frosty.ucsd.edu\sanctsound_decimated_2\CI\CI01\CI01_05\CI01_05_df24\SanctSound_CI01_05_df24_5s1Hz.ltsa,2/2/2023 10:05,UF,Other,7/19/2020 3:04:15.5,7/19/2020 3:54:55.5,,,,,,,HF sunset,,
\\frosty.ucsd.edu\sanctsound_decimated_2\CI\CI01\CI01_05\CI01_05_df24\SanctSound_CI01_05_df24_5s1Hz.ltsa,2/2/2023 10:06,UF,Other,7/19/2020 3:41:30.5,7/19/2020 12:13:38.5,,,,,,,Midshipman,,
\\frosty.ucsd.edu\sanctsound_decimated_2\CI\CI01\CI01_05\CI01_05_df24\SanctSound_CI01_05_df24_5s1Hz.ltsa,2/2/2023 10:06,UF,Other,7/19/2020 10:47:18.5,7/19/2020 12:38:58.5,,,,,,,Bocaccio sunrise,,
\\frosty.ucsd.edu\sanctsound_decimated_2\CI\CI01\CI01_05\CI01_05_df24\SanctSound_CI01_05_df24_5s1Hz.ltsa,2/2/2023 10:06,UF,Other,7/19/2020 11:25:58.5,7/19/2020 12:40:28.5,,,,,,,HF sunrise,,
\\frosty.ucsd.edu\sanctsound_decimated_2\CI\CI01\CI01_05\CI01_05_df24\SanctSound_CI01_05_df24_5s1Hz.ltsa,2/2/2023 10:06,UF,Other,7/19/2020 19:55:12.5,7/20/2020 3:54:45.5,,,,,,,White Seabass,,
\\frosty.ucsd.edu\sanctsound_decimated_2\CI\CI01\CI01_05\CI01_05_df24\SanctSound_CI01_05_df24_5s1Hz.ltsa,2/2/2023 10:06,UF,Other,7/20/2020 2:55:10.5,7/20/2020 4:23:00.5,,,,,,,Bocaccio sunset,,
\\frosty.ucsd.edu\sanctsound_decimated_2\CI\CI01\CI01_05\CI01_05_df24\SanctSound_CI01_05_df24_5s1Hz.ltsa,2/2/2023 10:06,UF,Other,7/20/2020 3:04:05.5,7/20/2020 4:02:10.5,,,,,,,HF sunset,,
\\frosty.ucsd.edu\sanctsound_decimated_2\CI\CI01\CI01_05\CI01_05_df24\SanctSound_CI01_05_df24_5s1Hz.ltsa,2/2/2023 10:06,UF,Other,7/20/2020 3:47:15.5,7/20/2020 12:26:56.5,,,,,,,Midshipman,,
\\frosty.ucsd.edu\sanctsound_decimated_2\CI\CI01\CI01_05\CI01_05_df24\SanctSound_CI01_05_df24_5s1Hz.ltsa,2/2/2023 10:07,UF,Other,7/20/2020 11:33:21.5,7/20/2020 12:32:56.5,,,,,,,Bocaccio sunrise,,
\\frosty.ucsd.edu\sanctsound_decimated_2\CI\CI01\CI01_05\CI01_05_df24\SanctSound_CI01_05_df24_5s1Hz.ltsa,2/2/2023 10:07,UF,Other,7/20/2020 11:55:41.5,7/20/2020 12:31:26.5,,,,,,,HF sunrise,,
\\frosty.ucsd.edu\sanctsound_decimated_2\CI\CI01\CI01_05\CI01_05_df24\SanctSound_CI01_05_df24_5s1Hz.ltsa,2/2/2023 10:08,UF,Other,7/21/2020 2:56:37.5,7/21/2020 4:08:07.5,,,,,,,Bocaccio sunset,,
\\frosty.ucsd.edu\sanctsound_decimated_2\CI\CI01\CI01_05\CI01_05_df24\SanctSound_CI01_05_df24_5s1Hz.ltsa,2/2/2023 10:08,UF,Other,7/21/2020 3:12:57.5,7/21/2020 3:51:42.5,,,,,,,HF sunset,,
\\frosty.ucsd.edu\sanctsound_decimated_2\CI\CI01\CI01_05\CI01_05_df24\SanctSound_CI01_05_df24_5s1Hz.ltsa,2/2/2023 10:08,UF,Other,7/21/2020 3:32:22.5,7/21/2020 12:34:16.5,,,,,,,Midshipman,,
\\frosty.ucsd.edu\sanctsound_decimated_2\CI\CI01\CI01_05\CI01_05_df24\SanctSound_CI01_05_df24_5s1Hz.ltsa,2/2/2023 10:08,UF,Other,7/21/2020 11:18:21.5,7/21/2020 12:34:16.5,,,,,,,Bocaccio sunrise,,
\\frosty.ucsd.edu\sanctsound_decimated_2\CI\CI01\CI01_05\CI01_05_df24\SanctSound_CI01_05_df24_5s1Hz.ltsa,2/2/2023 10:09,UF,Other,7/21/2020 22:53:40.5,7/22/2020 3:08:25.5,,,,,,,White Seabass,,
\\frosty.ucsd.edu\sanctsound_decimated_2\CI\CI01\CI01_05\CI01_05_df24\SanctSound_CI01_05_df24_5s1Hz.ltsa,2/2/2023 10:09,UF,Other,7/22/2020 2:58:00.5,7/22/2020 4:42:12.5,,,,,,,Bocaccio sunset,,
\\frosty.ucsd.edu\sanctsound_decimated_2\CI\CI01\CI01_05\CI01_05_df24\SanctSound_CI01_05_df24_5s1Hz.ltsa,2/2/2023 10:09,UF,Other,7/22/2020 3:12:50.5,7/22/2020 3:47:05.5,,,,,,,HF sunset,,
\\frosty.ucsd.edu\sanctsound_decimated_2\CI\CI01\CI01_05\CI01_05_df24\SanctSound_CI01_05_df24_5s1Hz.ltsa,2/2/2023 10:09,UF,Other,7/22/2020 3:30:45.5,7/22/2020 12:20:48.5,,,,,,,Midshipman,,
\\frosty.ucsd.edu\sanctsound_decimated_2\CI\CI01\CI01_05\CI01_05_df24\SanctSound_CI01_05_df24_5s1Hz.ltsa,2/2/2023 10:09,UF,Other,7/22/2020 11:07:48.5,7/22/2020 12:32:43.5,,,,,,,Bocaccio sunrise,,
\\frosty.ucsd.edu\sanctsound_decimated_2\CI\CI01\CI01_05\CI01_05_df24\SanctSound_CI01_05_df24_5s1Hz.ltsa,2/2/2023 10:09,UF,Other,7/22/2020 21:43:42.5,7/23/2020 3:08:27.5,,,,,,,White Seabass,,
\\frosty.ucsd.edu\sanctsound_decimated_2\CI\CI01\CI01_05\CI01_05_df24\SanctSound_CI01_05_df24_5s1Hz.ltsa,2/2/2023 10:10,UF,Other,7/23/2020 3:15:52.5,7/23/2020 5:09:00.5,,,,,,,Bocaccio sunset,,
\\frosty.ucsd.edu\sanctsound_decimated_2\CI\CI01\CI01_05\CI01_05_df24\SanctSound_CI01_05_df24_5s1Hz.ltsa,2/2/2023 10:10,UF,Other,7/23/2020 3:14:22.5,7/23/2020 4:16:55.5,,,,,,,HF sunset,,
\\frosty.ucsd.edu\sanctsound_decimated_2\CI\CI01\CI01_05\CI01_05_df24\SanctSound_CI01_05_df24_5s1Hz.ltsa,2/2/2023 10:10,UF,Other,7/23/2020 3:51:35.5,7/23/2020 12:07:25.5,,,,,,,Midshipman,,
\\frosty.ucsd.edu\sanctsound_decimated_2\CI\CI01\CI01_05\CI01_05_df24\SanctSound_CI01_05_df24_5s1Hz.ltsa,2/2/2023 10:10,UF,Other,7/23/2020 3:24:47.5,7/23/2020 12:35:40.5,,,,,,,HF,,
\\frosty.ucsd.edu\sanctsound_decimated_2\CI\CI01\CI01_05\CI01_05_df24\SanctSound_CI01_05_df24_5s1Hz.ltsa,2/2/2023 10:10,UF,Other,7/23/2020 14:55:40.5,7/23/2020 20:18:47.5,,,,,,,White Seabass,,
\\frosty.ucsd.edu\sanctsound_decimated_2\CI\CI01\CI01_05\CI01_05_df24\SanctSound_CI01_05_df24_5s1Hz.ltsa,2/2/2023 10:10,UF,Other,7/24/2020 3:23:15.5,7/24/2020 4:33:07.5,,,,,,,Bocaccio sunset,,
\\frosty.ucsd.edu\sanctsound_decimated_2\CI\CI01\CI01_05\CI01_05_df24\SanctSound_CI01_05_df24_5s1Hz.ltsa,2/2/2023 10:11,UF,Other,7/24/2020 3:21:45.5,7/24/2020 4:25:42.5,,,,,,,HF sunset,,
\\frosty.ucsd.edu\sanctsound_decimated_2\CI\CI01\CI01_05\CI01_05_df24\SanctSound_CI01_05_df24_5s1Hz.ltsa,2/2/2023 10:11,UF,Other,7/24/2020 3:58:52.5,7/24/2020 12:23:38.5,,,,,,,Midshipman,,
\\frosty.ucsd.edu\sanctsound_decimated_2\CI\CI01\CI01_05\CI01_05_df24\SanctSound_CI01_05_df24_5s1Hz.ltsa,2/2/2023 10:11,UF,Other,7/24/2020 11:41:58.5,7/24/2020 12:45:58.5,,,,,,,Bocaccio sunrise,,
\\frosty.ucsd.edu\sanctsound_decimated_2\CI\CI01\CI01_05\CI01_05_df24\SanctSound_CI01_05_df24_5s1Hz.ltsa,2/2/2023 10:11,UF,Other,7/24/2020 11:55:23.5,7/24/2020 12:44:28.5,,,,,,,HF sunrise,,
\\frosty.ucsd.edu\sanctsound_decimated_2\CI\CI01\CI01_05\CI01_05_df24\SanctSound_CI01_05_df24_5s1Hz.ltsa,2/2/2023 10:11,UF,Other,7/24/2020 3:21:45.5,7/24/2020 12:43:03.5,,,,,,,HF,,
\\frosty.ucsd.edu\sanctsound_decimated_2\CI\CI01\CI01_05\CI01_05_df24\SanctSound_CI01_05_df24_5s1Hz.ltsa,2/2/2023 10:11,UF,Other,7/24/2020 13:44:03.5,7/25/2020 3:45:26.5,,,,,,,White Seabass,,
\\frosty.ucsd.edu\sanctsound_decimated_2\CI\CI01\CI01_05\CI01_05_df24\SanctSound_CI01_05_df24_5s1Hz.ltsa,2/2/2023 10:12,UF,Other,7/25/2020 2:39:54.5,7/25/2020 4:24:06.5,,,,,,,Bocaccio sunset,,
\\frosty.ucsd.edu\sanctsound_decimated_2\CI\CI01\CI01_05\CI01_05_df24\SanctSound_CI01_05_df24_5s1Hz.ltsa,2/2/2023 10:12,UF,Other,7/25/2020 3:02:14.5,7/25/2020 3:46:51.5,,,,,,,HF sunset,,
\\frosty.ucsd.edu\sanctsound_decimated_2\CI\CI01\CI01_05\CI01_05_df24\SanctSound_CI01_05_df24_5s1Hz.ltsa,2/2/2023 10:12,UF,Other,7/25/2020 3:42:26.5,7/25/2020 12:25:02.5,,,,,,,Midshipman,,
\\frosty.ucsd.edu\sanctsound_decimated_2\CI\CI01\CI01_05\CI01_05_df24\SanctSound_CI01_05_df24_5s1Hz.ltsa,2/2/2023 10:12,UF,Other,7/25/2020 11:28:27.5,7/25/2020 12:47:22.5,,,,,,,Bocaccio sunrise,,
\\frosty.ucsd.edu\sanctsound_decimated_2\CI\CI01\CI01_05\CI01_05_df24\SanctSound_CI01_05_df24_5s1Hz.ltsa,2/2/2023 10:12,UF,Other,7/25/2020 11:55:17.5,7/25/2020 12:50:22.5,,,,,,,HF sunrise,,
\\frosty.ucsd.edu\sanctsound_decimated_2\CI\CI01\CI01_05\CI01_05_df24\SanctSound_CI01_05_df24_5s1Hz.ltsa,2/2/2023 10:12,UF,Other,7/25/2020 3:09:44.5,7/25/2020 12:53:22.5,,,,,,,HF,,
\\frosty.ucsd.edu\sanctsound_decimated_2\CI\CI01\CI01_05\CI01_05_df24\SanctSound_CI01_05_df24_5s1Hz.ltsa,2/2/2023 10:12,UF,Other,7/25/2020 12:39:57.5,7/25/2020 16:26:12.5,,,,,,,White Seabass,,
\\frosty.ucsd.edu\sanctsound_decimated_2\CI\CI01\CI01_05\CI01_05_df24\SanctSound_CI01_05_df24_5s1Hz.ltsa,2/2/2023 10:13,UF,Other,7/25/2020 17:54:02.5,7/25/2020 18:37:17.5,,,,,,,White Seabass,,
\\frosty.ucsd.edu\sanctsound_decimated_2\CI\CI01\CI01_05\CI01_05_df24\SanctSound_CI01_05_df24_5s1Hz.ltsa,2/2/2023 10:13,UF,Other,7/25/2020 21:03:10.5,7/26/2020 3:42:17.5,,,,,,,White Seabass,,
\\frosty.ucsd.edu\sanctsound_decimated_2\CI\CI01\CI01_05\CI01_05_df24\SanctSound_CI01_05_df24_5s1Hz.ltsa,2/2/2023 10:13,UF,Other,7/26/2020 3:03:32.5,7/26/2020 4:21:02.5,,,,,,,Bocaccio sunset,,
\\frosty.ucsd.edu\sanctsound_decimated_2\CI\CI01\CI01_05\CI01_05_df24\SanctSound_CI01_05_df24_5s1Hz.ltsa,2/2/2023 10:13,UF,Other,7/26/2020 3:06:32.5,7/26/2020 4:03:07.5,,,,,,,HF sunset,,
\\frosty.ucsd.edu\sanctsound_decimated_2\CI\CI01\CI01_05\CI01_05_df24\SanctSound_CI01_05_df24_5s1Hz.ltsa,2/2/2023 10:13,UF,Other,7/26/2020 3:42:17.5,7/26/2020 12:30:55.5,,,,,,,Midshipman,,
\\frosty.ucsd.edu\sanctsound_decimated_2\CI\CI01\CI01_05\CI01_05_df24\SanctSound_CI01_05_df24_5s1Hz.ltsa,2/2/2023 10:13,UF,Other,7/26/2020 11:14:55.5,7/26/2020 12:53:15.5,,,,,,,Bocaccio sunrise,,
\\frosty.ucsd.edu\sanctsound_decimated_2\CI\CI01\CI01_05\CI01_05_df24\SanctSound_CI01_05_df24_5s1Hz.ltsa,2/2/2023 10:13,UF,Other,7/26/2020 11:06:00.5,7/26/2020 12:50:15.5,,,,,,,HF sunrise,,
\\frosty.ucsd.edu\sanctsound_decimated_2\CI\CI01\CI01_05\CI01_05_df24\SanctSound_CI01_05_df24_5s1Hz.ltsa,2/2/2023 10:13,UF,Other,7/26/2020 3:06:32.5,7/26/2020 12:47:15.5,,,,,,,HF,,
\\frosty.ucsd.edu\sanctsound_decimated_2\CI\CI01\CI01_05\CI01_05_df24\SanctSound_CI01_05_df24_5s1Hz.ltsa,2/2/2023 10:13,UF,Other,7/26/2020 19:54:35.5,7/27/2020 5:45:45.5,,,,,,,White Seabass,,
\\frosty.ucsd.edu\sanctsound_decimated_2\CI\CI01\CI01_05\CI01_05_df24\SanctSound_CI01_05_df24_5s1Hz.ltsa,2/2/2023 10:14,UF,Other,7/27/2020 2:36:40.5,7/27/2020 3:49:35.5,,,,,,,Bocaccio sunset,,
\\frosty.ucsd.edu\sanctsound_decimated_2\CI\CI01\CI01_05\CI01_05_df24\SanctSound_CI01_05_df24_5s1Hz.ltsa,2/2/2023 10:14,UF,Other,7/27/2020 2:57:30.5,7/27/2020 3:49:35.5,,,,,,,HF sunset,,
\\frosty.ucsd.edu\sanctsound_decimated_2\CI\CI01\CI01_05\CI01_05_df24\SanctSound_CI01_05_df24_5s1Hz.ltsa,2/2/2023 10:14,UF,Other,7/27/2020 3:43:40.5,7/27/2020 12:26:16.5,,,,,,,Midshipman,,
\\frosty.ucsd.edu\sanctsound_decimated_2\CI\CI01\CI01_05\CI01_05_df24\SanctSound_CI01_05_df24_5s1Hz.ltsa,2/2/2023 10:14,UF,Other,7/27/2020 11:43:06.5,7/27/2020 12:48:36.5,,,,,,,HF sunrise,,
\\frosty.ucsd.edu\sanctsound_decimated_2\CI\CI01\CI01_05\CI01_05_df24\SanctSound_CI01_05_df24_5s1Hz.ltsa,2/2/2023 10:15,UF,Other,7/27/2020 11:46:06.5,7/27/2020 12:53:06.5,,,,,,,Bocaccio sunrise,,
\\frosty.ucsd.edu\sanctsound_decimated_2\CI\CI01\CI01_05\CI01_05_df24\SanctSound_CI01_05_df24_5s1Hz.ltsa,2/2/2023 10:16,UF,Other,7/27/2020 16:51:16.5,7/28/2020 2:24:32.5,,,,,,,White Seabass,,
\\frosty.ucsd.edu\sanctsound_decimated_2\CI\CI01\CI01_05\CI01_05_df24\SanctSound_CI01_05_df24_5s1Hz.ltsa,2/2/2023 10:16,UF,Other,7/28/2020 2:40:52.5,7/28/2020 4:13:12.5,,,,,,,Bocaccio sunset,,
\\frosty.ucsd.edu\sanctsound_decimated_2\CI\CI01\CI01_05\CI01_05_df24\SanctSound_CI01_05_df24_5s1Hz.ltsa,2/2/2023 10:16,UF,Other,7/28/2020 3:01:42.5,7/28/2020 3:49:22.5,,,,,,,HF sunset,,
\\frosty.ucsd.edu\sanctsound_decimated_2\CI\CI01\CI01_05\CI01_05_df24\SanctSound_CI01_05_df24_5s1Hz.ltsa,2/2/2023 10:16,UF,Other,7/28/2020 3:41:57.5,7/28/2020 12:41:00.5,,,,,,,Midshipman,,
\\frosty.ucsd.edu\sanctsound_decimated_2\CI\CI01\CI01_05\CI01_05_df24\SanctSound_CI01_05_df24_5s1Hz.ltsa,2/2/2023 10:16,UF,Other,7/28/2020 11:14:35.5,7/28/2020 12:48:25.5,,,,,,,Bocaccio sunrise,,
\\frosty.ucsd.edu\sanctsound_decimated_2\CI\CI01\CI01_05\CI01_05_df24\SanctSound_CI01_05_df24_5s1Hz.ltsa,2/2/2023 10:16,UF,Other,7/28/2020 11:13:05.5,7/28/2020 12:49:55.5,,,,,,,HF sunrise,,
\\frosty.ucsd.edu\sanctsound_decimated_2\CI\CI01\CI01_05\CI01_05_df24\SanctSound_CI01_05_df24_5s1Hz.ltsa,2/2/2023 10:16,UF,Other,7/28/2020 20:29:59.5,7/28/2020 22:43:59.5,,,,,,,White Seabass,,
\\frosty.ucsd.edu\sanctsound_decimated_2\CI\CI01\CI01_05\CI01_05_df24\SanctSound_CI01_05_df24_5s1Hz.ltsa,2/2/2023 10:26,UF,Other,7/29/2020 3:03:07.5,7/29/2020 4:25:02.5,,,,,,,Bocaccio sunset,,
\\frosty.ucsd.edu\sanctsound_decimated_2\CI\CI01\CI01_05\CI01_05_df24\SanctSound_CI01_05_df24_5s1Hz.ltsa,2/2/2023 10:26,UF,Other,7/29/2020 3:07:37.5,7/29/2020 3:46:17.5,,,,,,,HF sunset,,
\\frosty.ucsd.edu\sanctsound_decimated_2\CI\CI01\CI01_05\CI01_05_df24\SanctSound_CI01_05_df24_5s1Hz.ltsa,2/2/2023 10:26,UF,Other,7/29/2020 3:56:47.5,7/29/2020 12:28:58.5,,,,,,,Midshipman,,
\\frosty.ucsd.edu\sanctsound_decimated_2\CI\CI01\CI01_05\CI01_05_df24\SanctSound_CI01_05_df24_5s1Hz.ltsa,2/2/2023 10:26,UF,Other,7/29/2020 11:39:48.5,7/29/2020 12:52:48.5,,,,,,,Bocaccio sunrise,,
\\frosty.ucsd.edu\sanctsound_decimated_2\CI\CI01\CI01_05\CI01_05_df24\SanctSound_CI01_05_df24_5s1Hz.ltsa,2/2/2023 10:26,UF,Other,7/29/2020 11:05:33.5,7/29/2020 12:57:13.5,,,,,,,HF sunrise,,
\\frosty.ucsd.edu\sanctsound_decimated_2\CI\CI01\CI01_05\CI01_05_df24\SanctSound_CI01_05_df24_5s1Hz.ltsa,2/2/2023 10:26,UF,Other,7/29/2020 3:15:02.5,7/29/2020 12:58:43.5,,,,,,,HF,,
\\frosty.ucsd.edu\sanctsound_decimated_2\CI\CI01\CI01_05\CI01_05_df24\SanctSound_CI01_05_df24_5s1Hz.ltsa,2/2/2023 10:27,UF,Other,7/29/2020 19:33:20.5,7/30/2020 1:29:15.5,,,,,,,White Seabass,,
\\frosty.ucsd.edu\sanctsound_decimated_2\CI\CI01\CI01_05\CI01_05_df24\SanctSound_CI01_05_df24_5s1Hz.ltsa,2/2/2023 10:27,UF,Other,7/30/2020 2:55:38.5,7/30/2020 4:26:28.5,,,,,,,Bocaccio sunset,,
\\frosty.ucsd.edu\sanctsound_decimated_2\CI\CI01\CI01_05\CI01_05_df24\SanctSound_CI01_05_df24_5s1Hz.ltsa,2/2/2023 10:27,UF,Other,7/30/2020 3:10:33.5,7/30/2020 3:58:08.5,,,,,,,HF sunset,,
\\frosty.ucsd.edu\sanctsound_decimated_2\CI\CI01\CI01_05\CI01_05_df24\SanctSound_CI01_05_df24_5s1Hz.ltsa,2/2/2023 10:27,UF,Other,7/30/2020 3:32:53.5,7/30/2020 12:22:54.5,,,,,,,Midshipman,,
\\frosty.ucsd.edu\sanctsound_decimated_2\CI\CI01\CI01_05\CI01_05_df24\SanctSound_CI01_05_df24_5s1Hz.ltsa,2/2/2023 10:27,UF,Other,7/30/2020 11:45:44.5,7/30/2020 12:51:14.5,,,,,,,Bocaccio sunrise,,
\\frosty.ucsd.edu\sanctsound_decimated_2\CI\CI01\CI01_05\CI01_05_df24\SanctSound_CI01_05_df24_5s1Hz.ltsa,2/2/2023 10:27,UF,Other,7/30/2020 11:33:49.5,7/30/2020 12:57:09.5,,,,,,,HF sunrise,,
\\frosty.ucsd.edu\sanctsound_decimated_2\CI\CI01\CI01_05\CI01_05_df24\SanctSound_CI01_05_df24_5s1Hz.ltsa,2/2/2023 10:27,UF,Other,7/31/2020 1:15:42.5,7/31/2020 3:08:50.5,,,,,,,White Seabass,,
\\frosty.ucsd.edu\sanctsound_decimated_2\CI\CI01\CI01_05\CI01_05_df24\SanctSound_CI01_05_df24_5s1Hz.ltsa,2/2/2023 10:27,UF,Other,7/31/2020 2:50:55.5,7/31/2020 4:03:55.5,,,,,,,Bocaccio sunset,,
\\frosty.ucsd.edu\sanctsound_decimated_2\CI\CI01\CI01_05\CI01_05_df24\SanctSound_CI01_05_df24_5s1Hz.ltsa,2/2/2023 10:27,UF,Other,7/31/2020 2:52:25.5,7/31/2020 3:52:00.5,,,,,,,HF sunset,,
\\frosty.ucsd.edu\sanctsound_decimated_2\CI\CI01\CI01_05\CI01_05_df24\SanctSound_CI01_05_df24_5s1Hz.ltsa,2/2/2023 10:28,UF,Other,7/31/2020 3:37:05.5,7/31/2020 12:46:30.5,,,,,,,Midshipman,,
\\frosty.ucsd.edu\sanctsound_decimated_2\CI\CI01\CI01_05\CI01_05_df24\SanctSound_CI01_05_df24_5s1Hz.ltsa,2/2/2023 10:28,UF,Other,7/31/2020 11:38:00.5,7/31/2020 12:52:30.5,,,,,,,Bocaccio sunrise,,
\\frosty.ucsd.edu\sanctsound_decimated_2\CI\CI01\CI01_05\CI01_05_df24\SanctSound_CI01_05_df24_5s1Hz.ltsa,2/2/2023 10:28,UF,Other,8/1/2020 1:57:08.5,8/1/2020 4:26:03.5,,,,,,,Bocaccio sunset,,
\\frosty.ucsd.edu\sanctsound_decimated_2\CI\CI01\CI01_05\CI01_05_df24\SanctSound_CI01_05_df24_5s1Hz.ltsa,2/2/2023 10:28,UF,Other,8/1/2020 2:25:28.5,8/1/2020 3:17:33.5,,,,,,,HF sunset,,
\\frosty.ucsd.edu\sanctsound_decimated_2\CI\CI01\CI01_05\CI01_05_df24\SanctSound_CI01_05_df24_5s1Hz.ltsa,2/2/2023 10:28,UF,Other,8/1/2020 3:30:58.5,8/1/2020 12:46:22.5,,,,,,,Midshipman,,
\\frosty.ucsd.edu\sanctsound_decimated_2\CI\CI01\CI01_05\CI01_05_df24\SanctSound_CI01_05_df24_5s1Hz.ltsa,2/2/2023 10:28,UF,Other,8/1/2020 11:45:22.5,8/1/2020 12:50:52.5,,,,,,,Bocaccio sunrise,,
\\frosty.ucsd.edu\sanctsound_decimated_2\CI\CI01\CI01_05\CI01_05_df24\SanctSound_CI01_05_df24_5s1Hz.ltsa,2/2/2023 10:28,UF,Other,8/1/2020 11:30:27.5,8/1/2020 12:50:52.5,,,,,,,HF sunrise,,
\\frosty.ucsd.edu\sanctsound_decimated_2\CI\CI01\CI01_05\CI01_05_df24\SanctSound_CI01_05_df24_5s1Hz.ltsa,2/2/2023 10:29,UF,Other,8/2/2020 2:51:11.5,8/2/2020 4:19:01.5,,,,,,,Bocaccio sunset,,
\\frosty.ucsd.edu\sanctsound_decimated_2\CI\CI01\CI01_05\CI01_05_df24\SanctSound_CI01_05_df24_5s1Hz.ltsa,2/2/2023 10:29,UF,Other,8/2/2020 3:04:31.5,8/2/2020 3:49:11.5,,,,,,,HF sunset,,
\\frosty.ucsd.edu\sanctsound_decimated_2\CI\CI01\CI01_05\CI01_05_df24\SanctSound_CI01_05_df24_5s1Hz.ltsa,2/2/2023 10:29,UF,Other,8/2/2020 3:20:56.5,8/2/2020 7:29:30.5,,,,,,,Midshipman,,
\\frosty.ucsd.edu\sanctsound_decimated_2\CI\CI01\CI01_05\CI01_05_df24\SanctSound_CI01_05_df24_5s1Hz.ltsa,2/2/2023 10:29,UF,Other,8/2/2020 8:18:40.5,8/2/2020 12:31:50.5,,,,,,,Midshipman,,
\\frosty.ucsd.edu\sanctsound_decimated_2\CI\CI01\CI01_05\CI01_05_df24\SanctSound_CI01_05_df24_5s1Hz.ltsa,2/2/2023 10:29,UF,Other,8/2/2020 11:39:40.5,8/2/2020 12:52:35.5,,,,,,,Bocaccio sunrise,,
\\frosty.ucsd.edu\sanctsound_decimated_2\CI\CI01\CI01_05\CI01_05_df24\SanctSound_CI01_05_df24_5s1Hz.ltsa,2/2/2023 10:29,UF,Other,8/2/2020 11:03:55.5,8/2/2020 12:46:35.5,,,,,,,HF sunrise,,
\\frosty.ucsd.edu\sanctsound_decimated_2\CI\CI01\CI01_05\CI01_05_df24\SanctSound_CI01_05_df24_5s1Hz.ltsa,2/2/2023 10:30,UF,Other,8/3/2020 3:02:50.5,8/3/2020 4:32:15.5,,,,,,,Bocaccio sunset,,
\\frosty.ucsd.edu\sanctsound_decimated_2\CI\CI01\CI01_05\CI01_05_df24\SanctSound_CI01_05_df24_5s1Hz.ltsa,2/2/2023 10:30,UF,Other,8/3/2020 3:04:20.5,8/3/2020 3:56:30.5,,,,,,,HF sunset,,
\\frosty.ucsd.edu\sanctsound_decimated_2\CI\CI01\CI01_05\CI01_05_df24\SanctSound_CI01_05_df24_5s1Hz.ltsa,2/2/2023 10:30,UF,Other,8/3/2020 3:13:20.5,8/3/2020 12:37:32.5,,,,,,,Midshipman,,
\\frosty.ucsd.edu\sanctsound_decimated_2\CI\CI01\CI01_05\CI01_05_df24\SanctSound_CI01_05_df24_5s1Hz.ltsa,2/2/2023 10:30,UF,Other,8/3/2020 11:32:08.5,8/3/2020 12:52:27.5,,,,,,,Bocaccio sunrise,,
\\frosty.ucsd.edu\sanctsound_decimated_2\CI\CI01\CI01_05\CI01_05_df24\SanctSound_CI01_05_df24_5s1Hz.ltsa,2/2/2023 10:30,UF,Other,8/3/2020 10:22:08.5,8/3/2020 12:47:57.5,,,,,,,HF sunrise,,
\\frosty.ucsd.edu\sanctsound_decimated_2\CI\CI01\CI01_05\CI01_05_df24\SanctSound_CI01_05_df24_5s1Hz.ltsa,2/2/2023 10:30,UF,Other,8/4/2020 2:52:15.5,8/4/2020 4:03:45.5,,,,,,,Bocaccio sunset,,
\\frosty.ucsd.edu\sanctsound_decimated_2\CI\CI01\CI01_05\CI01_05_df24\SanctSound_CI01_05_df24_5s1Hz.ltsa,2/2/2023 10:31,UF,Other,8/4/2020 3:04:10.5,8/4/2020 3:45:55.5,,,,,,,HF sunset,,
\\frosty.ucsd.edu\sanctsound_decimated_2\CI\CI01\CI01_05\CI01_05_df24\SanctSound_CI01_05_df24_5s1Hz.ltsa,2/2/2023 10:31,UF,Other,8/4/2020 3:36:55.5,8/4/2020 12:18:05.5,,,,,,,Midshipman,,
\\frosty.ucsd.edu\sanctsound_decimated_2\CI\CI01\CI01_05\CI01_05_df24\SanctSound_CI01_05_df24_5s1Hz.ltsa,2/2/2023 10:31,UF,Other,8/4/2020 11:30:28.5,8/4/2020 12:49:20.5,,,,,,,Bocaccio sunrise,,
\\frosty.ucsd.edu\sanctsound_decimated_2\CI\CI01\CI01_05\CI01_05_df24\SanctSound_CI01_05_df24_5s1Hz.ltsa,2/2/2023 10:31,UF,Other,8/4/2020 11:20:03.5,8/4/2020 12:53:50.5,,,,,,,HF sunrise,,
\\frosty.ucsd.edu\sanctsound_decimated_2\CI\CI01\CI01_05\CI01_05_df24\SanctSound_CI01_05_df24_5s1Hz.ltsa,2/2/2023 10:31,UF,Other,8/5/2020 2:47:43.5,8/5/2020 4:14:03.5,,,,,,,Bocaccio sunset,,
\\frosty.ucsd.edu\sanctsound_decimated_2\CI\CI01\CI01_05\CI01_05_df24\SanctSound_CI01_05_df24_5s1Hz.ltsa,2/2/2023 10:31,UF,Other,8/5/2020 2:44:43.5,8/5/2020 3:26:23.5,,,,,,,HF sunset,,
\\frosty.ucsd.edu\sanctsound_decimated_2\CI\CI01\CI01_05\CI01_05_df24\SanctSound_CI01_05_df24_5s1Hz.ltsa,2/2/2023 10:31,UF,Other,8/5/2020 3:30:53.5,8/5/2020 12:07:35.5,,,,,,,Midshipman,,
\\frosty.ucsd.edu\sanctsound_decimated_2\CI\CI01\CI01_05\CI01_05_df24\SanctSound_CI01_05_df24_5s1Hz.ltsa,2/2/2023 10:32,UF,Other,8/5/2020 11:24:25.5,8/5/2020 12:56:42.5,,,,,,,Bocaccio sunrise,,
\\frosty.ucsd.edu\sanctsound_decimated_2\CI\CI01\CI01_05\CI01_05_df24\SanctSound_CI01_05_df24_5s1Hz.ltsa,2/2/2023 10:32,UF,Other,8/5/2020 10:50:10.5,8/5/2020 12:49:12.5,,,,,,,HF sunrise,,
\\frosty.ucsd.edu\sanctsound_decimated_2\CI\CI01\CI01_05\CI01_05_df24\SanctSound_CI01_05_df24_5s1Hz.ltsa,2/2/2023 10:32,UF,Other,8/6/2020 2:28:13.5,8/6/2020 5:38:53.5,,,,,,,Bocaccio sunset,,
\\frosty.ucsd.edu\sanctsound_decimated_2\CI\CI01\CI01_05\CI01_05_df24\SanctSound_CI01_05_df24_5s1Hz.ltsa,2/2/2023 10:32,UF,Other,8/6/2020 2:46:08.5,8/6/2020 3:33:48.5,,,,,,,HF sunset,,
\\frosty.ucsd.edu\sanctsound_decimated_2\CI\CI01\CI01_05\CI01_05_df24\SanctSound_CI01_05_df24_5s1Hz.ltsa,2/2/2023 10:32,UF,Other,8/6/2020 3:26:18.5,8/6/2020 11:22:51.5,,,,,,,Midshipman,,
\\frosty.ucsd.edu\sanctsound_decimated_2\CI\CI01\CI01_05\CI01_05_df24\SanctSound_CI01_05_df24_5s1Hz.ltsa,2/2/2023 10:32,UF,Other,8/6/2020 10:53:01.5,8/6/2020 13:04:03.5,,,,,,,Bocaccio sunrise,,
\\frosty.ucsd.edu\sanctsound_decimated_2\CI\CI01\CI01_05\CI01_05_df24\SanctSound_CI01_05_df24_5s1Hz.ltsa,2/2/2023 10:32,UF,Other,8/6/2020 11:03:26.5,8/6/2020 12:50:38.5,,,,,,,HF sunrise,,
\\frosty.ucsd.edu\sanctsound_decimated_2\CI\CI01\CI01_05\CI01_05_df24\SanctSound_CI01_05_df24_5s1Hz.ltsa,2/2/2023 10:33,UF,Other,8/7/2020 2:22:13.5,8/7/2020 3:42:38.5,,,,,,,Bocaccio sunset,,
\\frosty.ucsd.edu\sanctsound_decimated_2\CI\CI01\CI01_05\CI01_05_df24\SanctSound_CI01_05_df24_5s1Hz.ltsa,2/2/2023 10:33,UF,Other,8/7/2020 2:44:33.5,8/7/2020 3:26:13.5,,,,,,,HF sunset,,
\\frosty.ucsd.edu\sanctsound_decimated_2\CI\CI01\CI01_05\CI01_05_df24\SanctSound_CI01_05_df24_5s1Hz.ltsa,2/2/2023 10:33,UF,Other,8/7/2020 3:18:48.5,8/7/2020 6:53:12.5,,,,,,,Midshipman,,
\\frosty.ucsd.edu\sanctsound_decimated_2\CI\CI01\CI01_05\CI01_05_df24\SanctSound_CI01_05_df24_5s1Hz.ltsa,2/2/2023 10:33,UF,Other,8/8/2020 2:44:54.5,8/8/2020 4:02:24.5,,,,,,,Bocaccio sunset,,
\\frosty.ucsd.edu\sanctsound_decimated_2\CI\CI01\CI01_05\CI01_05_df24\SanctSound_CI01_05_df24_5s1Hz.ltsa,2/2/2023 10:33,UF,Other,8/8/2020 2:46:24.5,8/8/2020 3:37:04.5,,,,,,,HF sunset,,
\\frosty.ucsd.edu\sanctsound_decimated_2\CI\CI01\CI01_05\CI01_05_df24\SanctSound_CI01_05_df24_5s1Hz.ltsa,2/2/2023 10:33,UF,Other,8/8/2020 3:33:44.5,8/8/2020 11:37:34.5,,,,,,,Midshipman,,
\\frosty.ucsd.edu\sanctsound_decimated_2\CI\CI01\CI01_05\CI01_05_df24\SanctSound_CI01_05_df24_5s1Hz.ltsa,2/2/2023 10:33,UF,Other,8/8/2020 11:12:19.5,8/8/2020 13:12:52.5,,,,,,,Bocaccio sunrise,,
\\frosty.ucsd.edu\sanctsound_decimated_2\CI\CI01\CI01_05\CI01_05_df24\SanctSound_CI01_05_df24_5s1Hz.ltsa,2/2/2023 10:34,UF,Other,8/8/2020 11:36:09.5,8/8/2020 13:08:22.5,,,,,,,HF sunrise,,
\\frosty.ucsd.edu\sanctsound_decimated_2\CI\CI01\CI01_05\CI01_05_df24\SanctSound_CI01_05_df24_5s1Hz.ltsa,2/2/2023 10:34,UF,Other,8/8/2020 2:57:59.5,8/8/2020 13:08:22.5,,,,,,,HF,,
\\frosty.ucsd.edu\sanctsound_decimated_2\CI\CI01\CI01_05\CI01_05_df24\SanctSound_CI01_05_df24_5s1Hz.ltsa,2/2/2023 10:39,UF,Other,8/9/2020 2:51:52.5,8/9/2020 4:33:12.5,,,,,,,Bocaccio sunset,,
\\frosty.ucsd.edu\sanctsound_decimated_2\CI\CI01\CI01_05\CI01_05_df24\SanctSound_CI01_05_df24_5s1Hz.ltsa,2/2/2023 10:39,UF,Other,8/9/2020 2:59:22.5,8/9/2020 3:38:02.5,,,,,,,HF sunset,,
\\frosty.ucsd.edu\sanctsound_decimated_2\CI\CI01\CI01_05\CI01_05_df24\SanctSound_CI01_05_df24_5s1Hz.ltsa,2/2/2023 10:39,UF,Other,8/9/2020 3:33:37.5,8/9/2020 11:43:27.5,,,,,,,Midshipman,,
\\frosty.ucsd.edu\sanctsound_decimated_2\CI\CI01\CI01_05\CI01_05_df24\SanctSound_CI01_05_df24_5s1Hz.ltsa,2/2/2023 10:39,UF,Other,8/9/2020 11:46:27.5,8/9/2020 12:53:21.5,,,,,,,Bocaccio sunrise,,
\\frosty.ucsd.edu\sanctsound_decimated_2\CI\CI01\CI01_05\CI01_05_df24\SanctSound_CI01_05_df24_5s1Hz.ltsa,2/2/2023 10:39,UF,Other,8/9/2020 11:47:52.5,8/9/2020 12:53:21.5,,,,,,,HF sunrise,,
\\frosty.ucsd.edu\sanctsound_decimated_2\CI\CI01\CI01_05\CI01_05_df24\SanctSound_CI01_05_df24_5s1Hz.ltsa,2/2/2023 10:39,UF,Other,8/9/2020 2:51:52.5,8/9/2020 12:47:21.5,,,,,,,HF,,
\\frosty.ucsd.edu\sanctsound_decimated_2\CI\CI01\CI01_05\CI01_05_df24\SanctSound_CI01_05_df24_5s1Hz.ltsa,2/2/2023 10:39,UF,Other,8/10/2020 2:29:22.5,8/10/2020 4:16:37.5,,,,,,,Bocaccio sunset,,
\\frosty.ucsd.edu\sanctsound_decimated_2\CI\CI01\CI01_05\CI01_05_df24\SanctSound_CI01_05_df24_5s1Hz.ltsa,2/2/2023 10:39,UF,Other,8/10/2020 2:35:22.5,8/10/2020 3:48:17.5,,,,,,,HF sunset,,
\\frosty.ucsd.edu\sanctsound_decimated_2\CI\CI01\CI01_05\CI01_05_df24\SanctSound_CI01_05_df24_5s1Hz.ltsa,2/2/2023 10:40,UF,Other,8/10/2020 3:30:27.5,8/10/2020 12:27:52.5,,,,,,,Midshipman,,
\\frosty.ucsd.edu\sanctsound_decimated_2\CI\CI01\CI01_05\CI01_05_df24\SanctSound_CI01_05_df24_5s1Hz.ltsa,2/2/2023 10:40,UF,Other,8/10/2020 10:52:37.5,8/10/2020 13:05:07.5,,,,,,,Bocaccio sunrise,,
\\frosty.ucsd.edu\sanctsound_decimated_2\CI\CI01\CI01_05\CI01_05_df24\SanctSound_CI01_05_df24_5s1Hz.ltsa,2/2/2023 10:40,UF,Other,8/10/2020 11:40:17.5,8/10/2020 13:18:32.5,,,,,,,HF sunrise,,
\\frosty.ucsd.edu\sanctsound_decimated_2\CI\CI01\CI01_05\CI01_05_df24\SanctSound_CI01_05_df24_5s1Hz.ltsa,2/2/2023 10:40,UF,Other,8/10/2020 2:50:17.5,8/10/2020 13:03:37.5,,,,,,,HF,,
\\frosty.ucsd.edu\sanctsound_decimated_2\CI\CI01\CI01_05\CI01_05_df24\SanctSound_CI01_05_df24_5s1Hz.ltsa,2/2/2023 10:40,UF,Other,8/10/2020 22:53:17.5,8/11/2020 3:05:00.5,,,,,,,White Seabass,,
\\frosty.ucsd.edu\sanctsound_decimated_2\CI\CI01\CI01_05\CI01_05_df24\SanctSound_CI01_05_df24_5s1Hz.ltsa,2/2/2023 10:40,UF,Other,8/11/2020 2:05:25.5,8/11/2020 3:55:40.5,,,,,,,Bocaccio sunset,,
\\frosty.ucsd.edu\sanctsound_decimated_2\CI\CI01\CI01_05\CI01_05_df24\SanctSound_CI01_05_df24_5s1Hz.ltsa,2/2/2023 10:40,UF,Other,8/11/2020 2:38:15.5,8/11/2020 3:36:15.5,,,,,,,HF sunset,,
\\frosty.ucsd.edu\sanctsound_decimated_2\CI\CI01\CI01_05\CI01_05_df24\SanctSound_CI01_05_df24_5s1Hz.ltsa,2/2/2023 10:41,UF,Other,8/11/2020 3:25:50.5,8/11/2020 12:56:10.5,,,,,,,Midshipman,,
\\frosty.ucsd.edu\sanctsound_decimated_2\CI\CI01\CI01_05\CI01_05_df24\SanctSound_CI01_05_df24_5s1Hz.ltsa,2/2/2023 10:41,UF,Other,8/11/2020 11:29:45.5,8/11/2020 12:59:05.5,,,,,,,Bocaccio sunrise,,
\\frosty.ucsd.edu\sanctsound_decimated_2\CI\CI01\CI01_05\CI01_05_df24\SanctSound_CI01_05_df24_5s1Hz.ltsa,2/2/2023 10:41,UF,Other,8/11/2020 10:58:32.5,8/11/2020 13:15:30.5,,,,,,,HF sunrise,,
\\frosty.ucsd.edu\sanctsound_decimated_2\CI\CI01\CI01_05\CI01_05_df24\SanctSound_CI01_05_df24_5s1Hz.ltsa,2/2/2023 10:41,UF,Other,8/11/2020 2:32:15.5,8/11/2020 13:12:30.5,,,,,,,HF,,
\\frosty.ucsd.edu\sanctsound_decimated_2\CI\CI01\CI01_05\CI01_05_df24\SanctSound_CI01_05_df24_5s1Hz.ltsa,2/2/2023 10:41,UF,Other,8/11/2020 23:15:28.5,8/12/2020 1:59:23.5,,,,,,,White Seabass,,
\\frosty.ucsd.edu\sanctsound_decimated_2\CI\CI01\CI01_05\CI01_05_df24\SanctSound_CI01_05_df24_5s1Hz.ltsa,2/2/2023 10:41,UF,Other,8/12/2020 2:26:13.5,8/12/2020 3:49:33.5,,,,,,,Bocaccio sunset,,
\\frosty.ucsd.edu\sanctsound_decimated_2\CI\CI01\CI01_05\CI01_05_df24\SanctSound_CI01_05_df24_5s1Hz.ltsa,2/2/2023 10:41,UF,Other,8/12/2020 2:50:03.5,8/12/2020 3:34:43.5,,,,,,,HF sunset,,
\\frosty.ucsd.edu\sanctsound_decimated_2\CI\CI01\CI01_05\CI01_05_df24\SanctSound_CI01_05_df24_5s1Hz.ltsa,2/2/2023 10:41,UF,Other,8/12/2020 3:28:43.5,8/12/2020 12:44:08.5,,,,,,,Midshipman,,
\\frosty.ucsd.edu\sanctsound_decimated_2\CI\CI01\CI01_05\CI01_05_df24\SanctSound_CI01_05_df24_5s1Hz.ltsa,2/2/2023 10:42,UF,Other,8/12/2020 11:50:28.5,8/12/2020 13:06:28.5,,,,,,,Bocaccio sunrise,,
\\frosty.ucsd.edu\sanctsound_decimated_2\CI\CI01\CI01_05\CI01_05_df24\SanctSound_CI01_05_df24_5s1Hz.ltsa,2/2/2023 10:42,UF,Other,8/12/2020 11:43:03.5,8/12/2020 12:54:33.5,,,,,,,HF sunrise,,
\\frosty.ucsd.edu\sanctsound_decimated_2\CI\CI01\CI01_05\CI01_05_df24\SanctSound_CI01_05_df24_5s1Hz.ltsa,2/2/2023 10:42,UF,Other,8/12/2020 2:45:33.5,8/12/2020 13:03:28.5,,,,,,,HF,,
\\frosty.ucsd.edu\sanctsound_decimated_2\CI\CI01\CI01_05\CI01_05_df24\SanctSound_CI01_05_df24_5s1Hz.ltsa,2/2/2023 10:42,UF,Other,8/12/2020 20:30:12.5,8/13/2020 1:53:20.5,,,,,,,White Seabass,,
\\frosty.ucsd.edu\sanctsound_decimated_2\CI\CI01\CI01_05\CI01_05_df24\SanctSound_CI01_05_df24_5s1Hz.ltsa,2/2/2023 10:42,UF,Other,8/13/2020 2:50:00.5,8/13/2020 4:08:55.5,,,,,,,Bocaccio sunset,,
\\frosty.ucsd.edu\sanctsound_decimated_2\CI\CI01\CI01_05\CI01_05_df24\SanctSound_CI01_05_df24_5s1Hz.ltsa,2/2/2023 10:42,UF,Other,8/13/2020 3:01:50.5,8/13/2020 3:51:00.5,,,,,,,HF sunset,,
\\frosty.ucsd.edu\sanctsound_decimated_2\CI\CI01\CI01_05\CI01_05_df24\SanctSound_CI01_05_df24_5s1Hz.ltsa,2/2/2023 10:42,UF,Other,8/13/2020 3:34:40.5,8/13/2020 12:46:59.5,,,,,,,Midshipman,,
\\frosty.ucsd.edu\sanctsound_decimated_2\CI\CI01\CI01_05\CI01_05_df24\SanctSound_CI01_05_df24_5s1Hz.ltsa,2/2/2023 10:42,UF,Other,8/13/2020 11:48:54.5,8/13/2020 13:03:24.5,,,,,,,Bocaccio sunrise,,
\\frosty.ucsd.edu\sanctsound_decimated_2\CI\CI01\CI01_05\CI01_05_df24\SanctSound_CI01_05_df24_5s1Hz.ltsa,2/2/2023 10:42,UF,Other,8/13/2020 10:43:28.5,8/13/2020 12:42:34.5,,,,,,,HF sunrise,,
\\frosty.ucsd.edu\sanctsound_decimated_2\CI\CI01\CI01_05\CI01_05_df24\SanctSound_CI01_05_df24_5s1Hz.ltsa,2/2/2023 10:43,UF,Other,8/13/2020 3:01:50.5,8/13/2020 12:33:34.5,,,,,,,HF,,
\\frosty.ucsd.edu\sanctsound_decimated_2\CI\CI01\CI01_05\CI01_05_df24\SanctSound_CI01_05_df24_5s1Hz.ltsa,2/2/2023 10:43,UF,Other,8/14/2020 2:37:58.5,8/14/2020 4:07:18.5,,,,,,,Bocaccio sunset,,
\\frosty.ucsd.edu\sanctsound_decimated_2\CI\CI01\CI01_05\CI01_05_df24\SanctSound_CI01_05_df24_5s1Hz.ltsa,2/2/2023 10:43,UF,Other,8/14/2020 2:55:48.5,8/14/2020 3:47:53.5,,,,,,,HF sunset,,
\\frosty.ucsd.edu\sanctsound_decimated_2\CI\CI01\CI01_05\CI01_05_df24\SanctSound_CI01_05_df24_5s1Hz.ltsa,2/2/2023 10:43,UF,Other,8/14/2020 3:35:58.5,8/14/2020 12:43:57.5,,,,,,,Midshipman,,
\\frosty.ucsd.edu\sanctsound_decimated_2\CI\CI01\CI01_05\CI01_05_df24\SanctSound_CI01_05_df24_5s1Hz.ltsa,2/2/2023 10:43,UF,Other,8/14/2020 11:38:22.5,8/14/2020 12:46:52.5,,,,,,,Bocaccio sunrise,,
\\frosty.ucsd.edu\sanctsound_decimated_2\CI\CI01\CI01_05\CI01_05_df24\SanctSound_CI01_05_df24_5s1Hz.ltsa,2/2/2023 10:43,UF,Other,8/14/2020 10:52:12.5,8/14/2020 12:37:57.5,,,,,,,HF sunrise,,
\\frosty.ucsd.edu\sanctsound_decimated_2\CI\CI01\CI01_05\CI01_05_df24\SanctSound_CI01_05_df24_5s1Hz.ltsa,2/2/2023 10:43,UF,Other,8/14/2020 2:49:53.5,8/14/2020 12:43:57.5,,,,,,,HF,,
\\frosty.ucsd.edu\sanctsound_decimated_2\CI\CI01\CI01_05\CI01_05_df24\SanctSound_CI01_05_df24_5s1Hz.ltsa,2/2/2023 10:43,UF,Other,8/15/2020 2:42:16.5,8/15/2020 4:05:41.5,,,,,,,Bocaccio sunset,,
\\frosty.ucsd.edu\sanctsound_decimated_2\CI\CI01\CI01_05\CI01_05_df24\SanctSound_CI01_05_df24_5s1Hz.ltsa,2/2/2023 10:44,UF,Other,8/15/2020 2:55:41.5,8/15/2020 3:38:51.5,,,,,,,HF sunset,,
\\frosty.ucsd.edu\sanctsound_decimated_2\CI\CI01\CI01_05\CI01_05_df24\SanctSound_CI01_05_df24_5s1Hz.ltsa,2/2/2023 10:44,UF,Other,8/15/2020 3:26:56.5,8/15/2020 12:43:47.5,,,,,,,Midshipman,,
\\frosty.ucsd.edu\sanctsound_decimated_2\CI\CI01\CI01_05\CI01_05_df24\SanctSound_CI01_05_df24_5s1Hz.ltsa,2/2/2023 10:44,UF,Other,8/15/2020 11:44:12.5,8/15/2020 13:04:37.5,,,,,,,Bocaccio sunrise,,
\\frosty.ucsd.edu\sanctsound_decimated_2\CI\CI01\CI01_05\CI01_05_df24\SanctSound_CI01_05_df24_5s1Hz.ltsa,2/2/2023 10:44,UF,Other,8/15/2020 10:55:02.5,8/15/2020 13:04:37.5,,,,,,,HF sunrise,,
\\frosty.ucsd.edu\sanctsound_decimated_2\CI\CI01\CI01_05\CI01_05_df24\SanctSound_CI01_05_df24_5s1Hz.ltsa,2/2/2023 10:44,UF,Other,8/15/2020 2:52:41.5,8/15/2020 12:55:42.5,,,,,,,HF,,
\\frosty.ucsd.edu\sanctsound_decimated_2\CI\CI01\CI01_05\CI01_05_df24\SanctSound_CI01_05_df24_5s1Hz.ltsa,2/2/2023 10:44,UF,Other,8/16/2020 1:12:45.5,8/16/2020 2:36:10.5,,,,,,,White Seabass,,
\\frosty.ucsd.edu\sanctsound_decimated_2\CI\CI01\CI01_05\CI01_05_df24\SanctSound_CI01_05_df24_5s1Hz.ltsa,2/2/2023 10:44,UF,Other,8/16/2020 2:57:00.5,8/16/2020 4:06:57.5,,,,,,,Bocaccio sunset,,
\\frosty.ucsd.edu\sanctsound_decimated_2\CI\CI01\CI01_05\CI01_05_df24\SanctSound_CI01_05_df24_5s1Hz.ltsa,2/2/2023 10:44,UF,Other,8/16/2020 3:01:25.5,8/16/2020 3:55:05.5,,,,,,,HF sunset,,
\\frosty.ucsd.edu\sanctsound_decimated_2\CI\CI01\CI01_05\CI01_05_df24\SanctSound_CI01_05_df24_5s1Hz.ltsa,2/2/2023 10:44,UF,Other,8/16/2020 3:25:15.5,8/16/2020 12:43:40.5,,,,,,,Midshipman,,
\\frosty.ucsd.edu\sanctsound_decimated_2\CI\CI01\CI01_05\CI01_05_df24\SanctSound_CI01_05_df24_5s1Hz.ltsa,2/2/2023 10:45,UF,Other,8/16/2020 10:54:55.5,8/16/2020 12:48:05.5,,,,,,,HF sunrise,,
\\frosty.ucsd.edu\sanctsound_decimated_2\CI\CI01\CI01_05\CI01_05_df24\SanctSound_CI01_05_df24_5s1Hz.ltsa,2/2/2023 10:45,UF,Other,8/16/2020 11:53:00.5,8/16/2020 13:07:25.5,,,,,,,Bocaccio sunrise,,
\\frosty.ucsd.edu\sanctsound_decimated_2\CI\CI01\CI01_05\CI01_05_df24\SanctSound_CI01_05_df24_5s1Hz.ltsa,2/2/2023 10:45,UF,Other,8/16/2020 3:02:55.5,8/16/2020 13:04:30.5,,,,,,,HF,,
\\frosty.ucsd.edu\sanctsound_decimated_2\CI\CI01\CI01_05\CI01_05_df24\SanctSound_CI01_05_df24_5s1Hz.ltsa,2/2/2023 10:45,UF,Other,8/17/2020 2:48:00.5,8/17/2020 5:03:28.5,,,,,,,Bocaccio sunset,,
\\frosty.ucsd.edu\sanctsound_decimated_2\CI\CI01\CI01_05\CI01_05_df24\SanctSound_CI01_05_df24_5s1Hz.ltsa,2/2/2023 10:45,UF,Other,8/17/2020 2:52:25.5,8/17/2020 3:49:00.5,,,,,,,HF sunset,,
\\frosty.ucsd.edu\sanctsound_decimated_2\CI\CI01\CI01_05\CI01_05_df24\SanctSound_CI01_05_df24_5s1Hz.ltsa,2/2/2023 10:45,UF,Other,8/17/2020 3:31:10.5,8/17/2020 12:45:01.5,,,,,,,Midshipman,,
\\frosty.ucsd.edu\sanctsound_decimated_2\CI\CI01\CI01_05\CI01_05_df24\SanctSound_CI01_05_df24_5s1Hz.ltsa,2/2/2023 10:45,UF,Other,8/17/2020 11:35:06.5,8/17/2020 13:04:26.5,,,,,,,Bocaccio sunrise,,
\\frosty.ucsd.edu\sanctsound_decimated_2\CI\CI01\CI01_05\CI01_05_df24\SanctSound_CI01_05_df24_5s1Hz.ltsa,2/2/2023 10:45,UF,Other,8/17/2020 11:24:36.5,8/17/2020 13:04:26.5,,,,,,,HF sunrise,,
\\frosty.ucsd.edu\sanctsound_decimated_2\CI\CI01\CI01_05\CI01_05_df24\SanctSound_CI01_05_df24_5s1Hz.ltsa,2/2/2023 10:46,UF,Other,8/17/2020 2:50:55.5,8/17/2020 12:56:56.5,,,,,,,HF,,
\\frosty.ucsd.edu\sanctsound_decimated_2\CI\CI01\CI01_05\CI01_05_df24\SanctSound_CI01_05_df24_5s1Hz.ltsa,2/2/2023 10:46,UF,Other,8/18/2020 2:41:49.5,8/18/2020 4:02:11.5,,,,,,,Bocaccio sunset,,
\\frosty.ucsd.edu\sanctsound_decimated_2\CI\CI01\CI01_05\CI01_05_df24\SanctSound_CI01_05_df24_5s1Hz.ltsa,2/2/2023 10:46,UF,Other,8/18/2020 2:50:44.5,8/18/2020 3:47:16.5,,,,,,,HF sunset,,
\\frosty.ucsd.edu\sanctsound_decimated_2\CI\CI01\CI01_05\CI01_05_df24\SanctSound_CI01_05_df24_5s1Hz.ltsa,2/2/2023 10:46,UF,Other,8/18/2020 3:32:29.5,8/18/2020 12:47:47.5,,,,,,,Midshipman,,
\\frosty.ucsd.edu\sanctsound_decimated_2\CI\CI01\CI01_05\CI01_05_df24\SanctSound_CI01_05_df24_5s1Hz.ltsa,2/2/2023 10:46,UF,Other,8/18/2020 11:36:17.5,8/18/2020 12:56:42.5,,,,,,,Bocaccio sunrise,,
\\frosty.ucsd.edu\sanctsound_decimated_2\CI\CI01\CI01_05\CI01_05_df24\SanctSound_CI01_05_df24_5s1Hz.ltsa,2/2/2023 10:46,UF,Other,8/18/2020 11:21:27.5,8/18/2020 12:56:42.5,,,,,,,HF sunrise,,
\\frosty.ucsd.edu\sanctsound_decimated_2\CI\CI01\CI01_05\CI01_05_df24\SanctSound_CI01_05_df24_5s1Hz.ltsa,2/2/2023 10:46,UF,Other,8/18/2020 2:55:14.5,8/18/2020 12:53:47.5,,,,,,,HF,,
\\frosty.ucsd.edu\sanctsound_decimated_2\CI\CI01\CI01_05\CI01_05_df24\SanctSound_CI01_05_df24_5s1Hz.ltsa,2/2/2023 10:47,UF,Other,8/19/2020 2:50:31.5,8/19/2020 4:27:19.5,,,,,,,Bocaccio sunset,,
\\frosty.ucsd.edu\sanctsound_decimated_2\CI\CI01\CI01_05\CI01_05_df24\SanctSound_CI01_05_df24_5s1Hz.ltsa,2/2/2023 10:47,UF,Other,8/19/2020 2:47:36.5,8/19/2020 3:47:04.5,,,,,,,HF sunset,,
\\frosty.ucsd.edu\sanctsound_decimated_2\CI\CI01\CI01_05\CI01_05_df24\SanctSound_CI01_05_df24_5s1Hz.ltsa,2/2/2023 10:47,UF,Other,8/19/2020 3:26:14.5,8/19/2020 12:35:39.5,,,,,,,Midshipman,,
\\frosty.ucsd.edu\sanctsound_decimated_2\CI\CI01\CI01_05\CI01_05_df24\SanctSound_CI01_05_df24_5s1Hz.ltsa,2/2/2023 10:47,UF,Other,8/19/2020 11:34:39.5,8/19/2020 13:08:24.5,,,,,,,Bocaccio sunrise,,
\\frosty.ucsd.edu\sanctsound_decimated_2\CI\CI01\CI01_05\CI01_05_df24\SanctSound_CI01_05_df24_5s1Hz.ltsa,2/2/2023 10:47,UF,Other,8/19/2020 10:51:24.5,8/19/2020 12:47:34.5,,,,,,,HF sunrise,,
\\frosty.ucsd.edu\sanctsound_decimated_2\CI\CI01\CI01_05\CI01_05_df24\SanctSound_CI01_05_df24_5s1Hz.ltsa,2/2/2023 10:47,UF,Other,8/19/2020 2:55:01.5,8/19/2020 12:47:34.5,,,,,,,HF,,
\\frosty.ucsd.edu\sanctsound_decimated_2\CI\CI01\CI01_05\CI01_05_df24\SanctSound_CI01_05_df24_5s1Hz.ltsa,2/2/2023 10:47,UF,Other,8/19/2020 21:10:45.5,8/20/2020 2:39:55.5,,,,,,,White Seabass,,
\\frosty.ucsd.edu\sanctsound_decimated_2\CI\CI01\CI01_05\CI01_05_df24\SanctSound_CI01_05_df24_5s1Hz.ltsa,2/2/2023 10:47,UF,Other,8/20/2020 2:45:55.5,8/20/2020 4:03:18.5,,,,,,,Bocaccio sunset,,
\\frosty.ucsd.edu\sanctsound_decimated_2\CI\CI01\CI01_05\CI01_05_df24\SanctSound_CI01_05_df24_5s1Hz.ltsa,2/2/2023 10:47,UF,Other,8/20/2020 2:48:53.5,8/20/2020 3:34:58.5,,,,,,,HF sunset,,
\\frosty.ucsd.edu\sanctsound_decimated_2\CI\CI01\CI01_05\CI01_05_df24\SanctSound_CI01_05_df24_5s1Hz.ltsa,2/2/2023 10:48,UF,Other,8/20/2020 3:30:33.5,8/20/2020 12:41:27.5,,,,,,,Midshipman,,
\\frosty.ucsd.edu\sanctsound_decimated_2\CI\CI01\CI01_05\CI01_05_df24\SanctSound_CI01_05_df24_5s1Hz.ltsa,2/2/2023 10:48,UF,Other,8/20/2020 11:21:02.5,8/20/2020 12:51:52.5,,,,,,,Bocaccio sunrise,,
\\frosty.ucsd.edu\sanctsound_decimated_2\CI\CI01\CI01_05\CI01_05_df24\SanctSound_CI01_05_df24_5s1Hz.ltsa,2/2/2023 10:48,UF,Other,8/20/2020 11:25:27.5,8/20/2020 13:05:17.5,,,,,,,HF sunrise,,
\\frosty.ucsd.edu\sanctsound_decimated_2\CI\CI01\CI01_05\CI01_05_df24\SanctSound_CI01_05_df24_5s1Hz.ltsa,2/2/2023 10:48,UF,Other,8/20/2020 2:56:18.5,8/20/2020 13:06:42.5,,,,,,,HF,,
\\frosty.ucsd.edu\sanctsound_decimated_2\CI\CI01\CI01_05\CI01_05_df24\SanctSound_CI01_05_df24_5s1Hz.ltsa,2/2/2023 10:48,UF,Other,8/20/2020 22:37:00.5,8/21/2020 4:14:58.5,,,,,,,White Seabass,,
\\frosty.ucsd.edu\sanctsound_decimated_2\CI\CI01\CI01_05\CI01_05_df24\SanctSound_CI01_05_df24_5s1Hz.ltsa,2/2/2023 10:48,UF,Other,8/21/2020 2:42:38.5,8/21/2020 3:54:08.5,,,,,,,Bocaccio sunset,,
\\frosty.ucsd.edu\sanctsound_decimated_2\CI\CI01\CI01_05\CI01_05_df24\SanctSound_CI01_05_df24_5s1Hz.ltsa,2/2/2023 10:48,UF,Other,8/21/2020 2:48:38.5,8/21/2020 3:28:48.5,,,,,,,HF sunset,,
\\frosty.ucsd.edu\sanctsound_decimated_2\CI\CI01\CI01_05\CI01_05_df24\SanctSound_CI01_05_df24_5s1Hz.ltsa,2/2/2023 10:48,UF,Other,8/21/2020 3:34:43.5,8/21/2020 12:36:45.5,,,,,,,Midshipman,,
\\frosty.ucsd.edu\sanctsound_decimated_2\CI\CI01\CI01_05\CI01_05_df24\SanctSound_CI01_05_df24_5s1Hz.ltsa,2/2/2023 10:48,UF,Other,8/21/2020 11:40:10.5,8/21/2020 12:59:05.5,,,,,,,Bocaccio sunrise,,
\\frosty.ucsd.edu\sanctsound_decimated_2\CI\CI01\CI01_05\CI01_05_df24\SanctSound_CI01_05_df24_5s1Hz.ltsa,2/2/2023 10:49,UF,Other,8/21/2020 11:29:45.5,8/21/2020 12:50:10.5,,,,,,,HF sunrise,,
\\frosty.ucsd.edu\sanctsound_decimated_2\CI\CI01\CI01_05\CI01_05_df24\SanctSound_CI01_05_df24_5s1Hz.ltsa,2/2/2023 10:49,UF,Other,8/21/2020 2:48:38.5,8/21/2020 12:54:40.5,,,,,,,HF,,
\\frosty.ucsd.edu\sanctsound_decimated_2\CI\CI01\CI01_05\CI01_05_df24\SanctSound_CI01_05_df24_5s1Hz.ltsa,2/2/2023 10:49,UF,Other,8/21/2020 23:24:23.5,8/22/2020 9:42:24.5,,,,,,,White Seabass,,
\\frosty.ucsd.edu\sanctsound_decimated_2\CI\CI01\CI01_05\CI01_05_df24\SanctSound_CI01_05_df24_5s1Hz.ltsa,2/2/2023 10:49,UF,Other,8/22/2020 2:51:26.5,8/22/2020 4:50:36.5,,,,,,,Bocaccio sunset,,
\\frosty.ucsd.edu\sanctsound_decimated_2\CI\CI01\CI01_05\CI01_05_df24\SanctSound_CI01_05_df24_5s1Hz.ltsa,2/2/2023 10:49,UF,Other,8/22/2020 2:51:26.5,8/22/2020 3:52:31.5,,,,,,,HF sunset,,
\\frosty.ucsd.edu\sanctsound_decimated_2\CI\CI01\CI01_05\CI01_05_df24\SanctSound_CI01_05_df24_5s1Hz.ltsa,2/2/2023 10:50,UF,Other,8/22/2020 3:27:11.5,8/22/2020 12:27:44.5,,,,,,,Midshipman,,
\\frosty.ucsd.edu\sanctsound_decimated_2\CI\CI01\CI01_05\CI01_05_df24\SanctSound_CI01_05_df24_5s1Hz.ltsa,2/2/2023 10:50,UF,Other,8/22/2020 11:37:04.5,8/22/2020 13:07:54.5,,,,,,,Bocaccio sunrise,,
\\frosty.ucsd.edu\sanctsound_decimated_2\CI\CI01\CI01_05\CI01_05_df24\SanctSound_CI01_05_df24_5s1Hz.ltsa,2/2/2023 10:50,UF,Other,8/22/2020 11:43:04.5,8/22/2020 12:53:04.5,,,,,,,HF sunrise,,
\\frosty.ucsd.edu\sanctsound_decimated_2\CI\CI01\CI01_05\CI01_05_df24\SanctSound_CI01_05_df24_5s1Hz.ltsa,2/2/2023 10:50,UF,Other,8/22/2020 2:58:56.5,8/22/2020 12:53:04.5,,,,,,,HF,,
\\frosty.ucsd.edu\sanctsound_decimated_2\CI\CI01\CI01_05\CI01_05_df24\SanctSound_CI01_05_df24_5s1Hz.ltsa,2/2/2023 10:50,UF,Other,8/22/2020 23:28:50.5,8/23/2020 2:58:53.5,,,,,,,White Seabass,,
\\frosty.ucsd.edu\sanctsound_decimated_2\CI\CI01\CI01_05\CI01_05_df24\SanctSound_CI01_05_df24_5s1Hz.ltsa,2/2/2023 10:50,UF,Other,8/23/2020 2:35:03.5,8/23/2020 3:37:33.5,,,,,,,Bocaccio sunset,,
\\frosty.ucsd.edu\sanctsound_decimated_2\CI\CI01\CI01_05\CI01_05_df24\SanctSound_CI01_05_df24_5s1Hz.ltsa,2/2/2023 10:50,UF,Other,8/23/2020 2:48:28.5,8/23/2020 3:21:13.5,,,,,,,HF sunset,,
\\frosty.ucsd.edu\sanctsound_decimated_2\CI\CI01\CI01_05\CI01_05_df24\SanctSound_CI01_05_df24_5s1Hz.ltsa,2/2/2023 10:50,UF,Other,8/23/2020 3:27:08.5,8/23/2020 12:36:33.5,,,,,,,Midshipman,,
\\frosty.ucsd.edu\sanctsound_decimated_2\CI\CI01\CI01_05\CI01_05_df24\SanctSound_CI01_05_df24_5s1Hz.ltsa,2/2/2023 10:50,UF,Other,8/23/2020 11:45:53.5,8/23/2020 13:04:53.5,,,,,,,Bocaccio sunrise,,
\\frosty.ucsd.edu\sanctsound_decimated_2\CI\CI01\CI01_05\CI01_05_df24\SanctSound_CI01_05_df24_5s1Hz.ltsa,2/2/2023 10:51,UF,Other,8/23/2020 2:43:58.5,8/23/2020 12:52:58.5,,,,,,,HF,,
\\frosty.ucsd.edu\sanctsound_decimated_2\CI\CI01\CI01_05\CI01_05_df24\SanctSound_CI01_05_df24_5s1Hz.ltsa,2/2/2023 10:51,UF,Other,8/24/2020 0:56:38.5,8/24/2020 2:36:25.5,,,,,,,White Seabass,,
\\frosty.ucsd.edu\sanctsound_decimated_2\CI\CI01\CI01_05\CI01_05_df24\SanctSound_CI01_05_df24_5s1Hz.ltsa,2/2/2023 10:51,UF,Other,8/24/2020 2:42:20.5,8/24/2020 3:35:55.5,,,,,,,Bocaccio sunset,,
\\frosty.ucsd.edu\sanctsound_decimated_2\CI\CI01\CI01_05\CI01_05_df24\SanctSound_CI01_05_df24_5s1Hz.ltsa,2/2/2023 10:51,UF,Other,8/24/2020 2:43:50.5,8/24/2020 3:28:30.5,,,,,,,HF sunset,,
\\frosty.ucsd.edu\sanctsound_decimated_2\CI\CI01\CI01_05\CI01_05_df24\SanctSound_CI01_05_df24_5s1Hz.ltsa,2/2/2023 10:51,UF,Other,8/24/2020 3:25:30.5,8/24/2020 13:03:14.5,,,,,,,Midshipman,,
\\frosty.ucsd.edu\sanctsound_decimated_2\CI\CI01\CI01_05\CI01_05_df24\SanctSound_CI01_05_df24_5s1Hz.ltsa,2/2/2023 10:51,UF,Other,8/24/2020 11:33:57.5,8/24/2020 13:10:39.5,,,,,,,Bocaccio sunrise,,
\\frosty.ucsd.edu\sanctsound_decimated_2\CI\CI01\CI01_05\CI01_05_df24\SanctSound_CI01_05_df24_5s1Hz.ltsa,2/2/2023 10:51,UF,Other,8/24/2020 11:16:02.5,8/24/2020 12:57:14.5,,,,,,,HF sunrise,,
\\frosty.ucsd.edu\sanctsound_decimated_2\CI\CI01\CI01_05\CI01_05_df24\SanctSound_CI01_05_df24_5s1Hz.ltsa,2/2/2023 10:51,UF,Other,8/24/2020 2:43:50.5,8/24/2020 13:06:09.5,,,,,,,HF,,
\\frosty.ucsd.edu\sanctsound_decimated_2\CI\CI01\CI01_05\CI01_05_df24\SanctSound_CI01_05_df24_5s1Hz.ltsa,2/2/2023 10:51,UF,Other,8/25/2020 0:04:21.5,8/25/2020 2:36:19.5,,,,,,,White Seabass,,
\\frosty.ucsd.edu\sanctsound_decimated_2\CI\CI01\CI01_05\CI01_05_df24\SanctSound_CI01_05_df24_5s1Hz.ltsa,2/2/2023 10:53,UF,Other,8/25/2020 2:49:39.5,8/25/2020 4:19:04.5,,,,,,,Bocaccio sunset,,
\\frosty.ucsd.edu\sanctsound_decimated_2\CI\CI01\CI01_05\CI01_05_df24\SanctSound_CI01_05_df24_5s1Hz.ltsa,2/2/2023 10:53,UF,Other,8/25/2020 2:49:39.5,8/25/2020 3:56:44.5,,,,,,,HF sunset,,
\\frosty.ucsd.edu\sanctsound_decimated_2\CI\CI01\CI01_05\CI01_05_df24\SanctSound_CI01_05_df24_5s1Hz.ltsa,2/2/2023 10:54,UF,Other,8/25/2020 3:35:49.5,8/25/2020 12:34:51.5,,,,,,,Midshipman,,
\\frosty.ucsd.edu\sanctsound_decimated_2\CI\CI01\CI01_05\CI01_05_df24\SanctSound_CI01_05_df24_5s1Hz.ltsa,2/2/2023 10:55,UF,Other,8/25/2020 10:20:51.5,8/25/2020 13:09:03.5,,,,,,,Bocaccio sunrise,,
\\frosty.ucsd.edu\sanctsound_decimated_2\CI\CI01\CI01_05\CI01_05_df24\SanctSound_CI01_05_df24_5s1Hz.ltsa,2/2/2023 10:55,UF,Other,8/25/2020 11:07:01.5,8/25/2020 13:06:03.5,,,,,,,HF sunrise,,
\\frosty.ucsd.edu\sanctsound_decimated_2\CI\CI01\CI01_05\CI01_05_df24\SanctSound_CI01_05_df24_5s1Hz.ltsa,2/2/2023 10:55,UF,Other,8/25/2020 2:48:14.5,8/25/2020 12:54:13.5,,,,,,,HF,,
\\frosty.ucsd.edu\sanctsound_decimated_2\CI\CI01\CI01_05\CI01_05_df24\SanctSound_CI01_05_df24_5s1Hz.ltsa,2/2/2023 10:55,UF,Other,8/25/2020 21:17:26.5,8/26/2020 2:57:03.5,,,,,,,White Seabass,,
\\frosty.ucsd.edu\sanctsound_decimated_2\CI\CI01\CI01_05\CI01_05_df24\SanctSound_CI01_05_df24_5s1Hz.ltsa,2/2/2023 10:55,UF,Other,8/26/2020 2:34:43.5,8/26/2020 3:46:08.5,,,,,,,Bocaccio sunset,,
\\frosty.ucsd.edu\sanctsound_decimated_2\CI\CI01\CI01_05\CI01_05_df24\SanctSound_CI01_05_df24_5s1Hz.ltsa,2/2/2023 10:55,UF,Other,8/26/2020 2:33:13.5,8/26/2020 3:26:48.5,,,,,,,HF sunset,,
\\frosty.ucsd.edu\sanctsound_decimated_2\CI\CI01\CI01_05\CI01_05_df24\SanctSound_CI01_05_df24_5s1Hz.ltsa,2/2/2023 10:56,UF,Other,8/26/2020 3:22:23.5,8/26/2020 12:51:06.5,,,,,,,Midshipman,,
\\frosty.ucsd.edu\sanctsound_decimated_2\CI\CI01\CI01_05\CI01_05_df24\SanctSound_CI01_05_df24_5s1Hz.ltsa,2/2/2023 10:56,UF,Other,8/26/2020 11:47:06.5,8/26/2020 13:03:01.5,,,,,,,Bocaccio sunrise,,
\\frosty.ucsd.edu\sanctsound_decimated_2\CI\CI01\CI01_05\CI01_05_df24\SanctSound_CI01_05_df24_5s1Hz.ltsa,2/2/2023 10:56,UF,Other,8/26/2020 2:46:38.5,8/26/2020 12:57:01.5,,,,,,,HF,,
\\frosty.ucsd.edu\sanctsound_decimated_2\CI\CI01\CI01_05\CI01_05_df24\SanctSound_CI01_05_df24_5s1Hz.ltsa,2/2/2023 10:56,UF,Other,8/26/2020 22:46:44.5,8/27/2020 3:01:22.5,,,,,,,White Seabass,,
\\frosty.ucsd.edu\sanctsound_decimated_2\CI\CI01\CI01_05\CI01_05_df24\SanctSound_CI01_05_df24_5s1Hz.ltsa,2/2/2023 10:56,UF,Other,8/27/2020 2:42:02.5,8/27/2020 3:40:07.5,,,,,,,Bocaccio sunset,,
\\frosty.ucsd.edu\sanctsound_decimated_2\CI\CI01\CI01_05\CI01_05_df24\SanctSound_CI01_05_df24_5s1Hz.ltsa,2/2/2023 10:56,UF,Other,8/27/2020 2:42:02.5,8/27/2020 3:25:12.5,,,,,,,HF sunset,,
\\frosty.ucsd.edu\sanctsound_decimated_2\CI\CI01\CI01_05\CI01_05_df24\SanctSound_CI01_05_df24_5s1Hz.ltsa,2/2/2023 10:56,UF,Other,8/27/2020 3:19:17.5,8/27/2020 12:43:29.5,,,,,,,Midshipman,,
\\frosty.ucsd.edu\sanctsound_decimated_2\CI\CI01\CI01_05\CI01_05_df24\SanctSound_CI01_05_df24_5s1Hz.ltsa,2/2/2023 10:56,UF,Other,8/27/2020 11:30:38.5,8/27/2020 13:14:49.5,,,,,,,Bocaccio sunrise,,
\\frosty.ucsd.edu\sanctsound_decimated_2\CI\CI01\CI01_05\CI01_05_df24\SanctSound_CI01_05_df24_5s1Hz.ltsa,2/2/2023 10:57,UF,Other,8/27/2020 11:48:28.5,8/27/2020 13:01:24.5,,,,,,,HF sunrise,,
\\frosty.ucsd.edu\sanctsound_decimated_2\CI\CI01\CI01_05\CI01_05_df24\SanctSound_CI01_05_df24_5s1Hz.ltsa,2/2/2023 10:57,UF,Other,8/27/2020 2:33:07.5,8/27/2020 13:04:24.5,,,,,,,HF,,
\\frosty.ucsd.edu\sanctsound_decimated_2\CI\CI01\CI01_05\CI01_05_df24\SanctSound_CI01_05_df24_5s1Hz.ltsa,2/2/2023 11:02,UF,Other,8/28/2020 2:30:00.5,8/28/2020 3:29:35.5,,,,,,,Bocaccio sunset,,
\\frosty.ucsd.edu\sanctsound_decimated_2\CI\CI01\CI01_05\CI01_05_df24\SanctSound_CI01_05_df24_5s1Hz.ltsa,2/2/2023 11:02,UF,Other,8/28/2020 2:33:00.5,8/28/2020 3:05:45.5,,,,,,,HF sunset,,
\\frosty.ucsd.edu\sanctsound_decimated_2\CI\CI01\CI01_05\CI01_05_df24\SanctSound_CI01_05_df24_5s1Hz.ltsa,2/2/2023 11:02,UF,Other,8/28/2020 3:10:15.5,8/28/2020 12:52:23.5,,,,,,,Midshipman,,
\\frosty.ucsd.edu\sanctsound_decimated_2\CI\CI01\CI01_05\CI01_05_df24\SanctSound_CI01_05_df24_5s1Hz.ltsa,2/2/2023 11:02,UF,Other,8/28/2020 11:29:01.5,8/28/2020 13:13:13.5,,,,,,,Bocaccio sunrise,,
\\frosty.ucsd.edu\sanctsound_decimated_2\CI\CI01\CI01_05\CI01_05_df24\SanctSound_CI01_05_df24_5s1Hz.ltsa,2/2/2023 11:02,UF,Other,8/28/2020 2:33:00.5,8/28/2020 13:10:13.5,,,,,,,HF,,
\\frosty.ucsd.edu\sanctsound_decimated_2\CI\CI01\CI01_05\CI01_05_df24\SanctSound_CI01_05_df24_5s1Hz.ltsa,2/2/2023 11:03,UF,Other,8/29/2020 2:41:47.5,8/29/2020 5:03:17.5,,,,,,,Bocaccio sunset,,
\\frosty.ucsd.edu\sanctsound_decimated_2\CI\CI01\CI01_05\CI01_05_df24\SanctSound_CI01_05_df24_5s1Hz.ltsa,2/2/2023 11:03,UF,Other,8/29/2020 2:38:47.5,8/29/2020 3:45:47.5,,,,,,,HF sunset,,
\\frosty.ucsd.edu\sanctsound_decimated_2\CI\CI01\CI01_05\CI01_05_df24\SanctSound_CI01_05_df24_5s1Hz.ltsa,2/2/2023 11:03,UF,Other,8/29/2020 3:16:02.5,8/29/2020 4:27:32.5,,,,,,,Midshipman,,
\\frosty.ucsd.edu\sanctsound_decimated_2\CI\CI01\CI01_05\CI01_05_df24\SanctSound_CI01_05_df24_5s1Hz.ltsa,2/2/2023 11:03,UF,Other,8/29/2020 6:25:10.5,8/29/2020 7:08:20.5,,,,,,,Midshipman,,
\\frosty.ucsd.edu\sanctsound_decimated_2\CI\CI01\CI01_05\CI01_05_df24\SanctSound_CI01_05_df24_5s1Hz.ltsa,2/2/2023 11:03,UF,Other,8/29/2020 7:50:00.5,8/29/2020 12:46:18.5,,,,,,,Midshipman,,
\\frosty.ucsd.edu\sanctsound_decimated_2\CI\CI01\CI01_05\CI01_05_df24\SanctSound_CI01_05_df24_5s1Hz.ltsa,2/2/2023 11:04,UF,Other,8/29/2020 11:42:20.5,8/29/2020 13:14:38.5,,,,,,,Bocaccio sunrise,,
\\frosty.ucsd.edu\sanctsound_decimated_2\CI\CI01\CI01_05\CI01_05_df24\SanctSound_CI01_05_df24_5s1Hz.ltsa,2/2/2023 11:04,UF,Other,8/29/2020 9:26:50.5,8/29/2020 13:22:03.5,,,,,,,HF sunrise,,
\\frosty.ucsd.edu\sanctsound_decimated_2\CI\CI01\CI01_05\CI01_05_df24\SanctSound_CI01_05_df24_5s1Hz.ltsa,2/2/2023 11:04,UF,Other,8/30/2020 2:38:41.5,8/30/2020 4:51:16.5,,,,,,,Bocaccio sunset,,
\\frosty.ucsd.edu\sanctsound_decimated_2\CI\CI01\CI01_05\CI01_05_df24\SanctSound_CI01_05_df24_5s1Hz.ltsa,2/2/2023 11:05,UF,Other,8/30/2020 2:43:11.5,8/30/2020 4:37:51.5,,,,,,,HF sunset,,
\\frosty.ucsd.edu\sanctsound_decimated_2\CI\CI01\CI01_05\CI01_05_df24\SanctSound_CI01_05_df24_5s1Hz.ltsa,2/2/2023 11:05,UF,Other,8/30/2020 7:15:39.5,8/30/2020 12:47:42.5,,,,,,,Midshipman,,
\\frosty.ucsd.edu\sanctsound_decimated_2\CI\CI01\CI01_05\CI01_05_df24\SanctSound_CI01_05_df24_5s1Hz.ltsa,2/2/2023 11:05,UF,Other,8/30/2020 11:34:44.5,8/30/2020 12:58:07.5,,,,,,,Bocaccio sunrise,,
\\frosty.ucsd.edu\sanctsound_decimated_2\CI\CI01\CI01_05\CI01_05_df24\SanctSound_CI01_05_df24_5s1Hz.ltsa,2/2/2023 11:05,UF,Other,8/30/2020 11:01:59.5,8/30/2020 13:07:02.5,,,,,,,HF sunrise,,
\\frosty.ucsd.edu\sanctsound_decimated_2\CI\CI01\CI01_05\CI01_05_df24\SanctSound_CI01_05_df24_5s1Hz.ltsa,2/2/2023 11:05,UF,Other,8/30/2020 18:37:35.5,8/30/2020 21:54:10.5,,,,,,,White Seabass,,
\\frosty.ucsd.edu\sanctsound_decimated_2\CI\CI01\CI01_05\CI01_05_df24\SanctSound_CI01_05_df24_5s1Hz.ltsa,2/2/2023 11:05,UF,Other,8/31/2020 2:32:43.5,8/31/2020 3:36:43.5,,,,,,,Bocaccio sunset,,
\\frosty.ucsd.edu\sanctsound_decimated_2\CI\CI01\CI01_05\CI01_05_df24\SanctSound_CI01_05_df24_5s1Hz.ltsa,2/2/2023 11:05,UF,Other,8/31/2020 2:43:08.5,8/31/2020 3:23:18.5,,,,,,,HF sunset,,
\\frosty.ucsd.edu\sanctsound_decimated_2\CI\CI01\CI01_05\CI01_05_df24\SanctSound_CI01_05_df24_5s1Hz.ltsa,2/2/2023 11:05,UF,Other,8/31/2020 3:27:48.5,8/31/2020 4:34:48.5,,,,,,,Midshipman,,
\\frosty.ucsd.edu\sanctsound_decimated_2\CI\CI01\CI01_05\CI01_05_df24\SanctSound_CI01_05_df24_5s1Hz.ltsa,2/2/2023 11:06,UF,Other,8/31/2020 8:28:34.5,8/31/2020 12:46:07.5,,,,,,,Midshipman,,
\\frosty.ucsd.edu\sanctsound_decimated_2\CI\CI01\CI01_05\CI01_05_df24\SanctSound_CI01_05_df24_5s1Hz.ltsa,2/2/2023 11:06,UF,Other,8/31/2020 11:43:37.5,8/31/2020 13:12:57.5,,,,,,,Bocaccio sunrise,,
\\frosty.ucsd.edu\sanctsound_decimated_2\CI\CI01\CI01_05\CI01_05_df24\SanctSound_CI01_05_df24_5s1Hz.ltsa,2/2/2023 11:06,UF,Other,8/31/2020 10:35:09.5,8/31/2020 13:05:27.5,,,,,,,HF sunrise,,
\\frosty.ucsd.edu\sanctsound_decimated_2\CI\CI01\CI01_05\CI01_05_df24\SanctSound_CI01_05_df24_5s1Hz.ltsa,2/2/2023 11:06,UF,Other,8/31/2020 2:44:38.5,8/31/2020 13:17:22.5,,,,,,,HF,,
\\frosty.ucsd.edu\sanctsound_decimated_2\CI\CI01\CI01_05\CI01_05_df24\SanctSound_CI01_05_df24_5s1Hz.ltsa,2/2/2023 11:06,UF,Other,8/31/2020 22:08:59.5,9/1/2020 2:25:07.5,,,,,,,White Seabass,,
\\frosty.ucsd.edu\sanctsound_decimated_2\CI\CI01\CI01_05\CI01_05_df24\SanctSound_CI01_05_df24_5s1Hz.ltsa,2/2/2023 11:06,UF,Other,9/1/2020 2:32:37.5,9/1/2020 3:38:07.5,,,,,,,Bocaccio sunset,,
\\frosty.ucsd.edu\sanctsound_decimated_2\CI\CI01\CI01_05\CI01_05_df24\SanctSound_CI01_05_df24_5s1Hz.ltsa,2/2/2023 11:06,UF,Other,9/1/2020 2:41:32.5,9/1/2020 3:33:37.5,,,,,,,HF sunset,,
\\frosty.ucsd.edu\sanctsound_decimated_2\CI\CI01\CI01_05\CI01_05_df24\SanctSound_CI01_05_df24_5s1Hz.ltsa,2/2/2023 11:06,UF,Other,9/1/2020 3:23:12.5,9/1/2020 4:22:47.5,,,,,,,Midshipman,,
\\frosty.ucsd.edu\sanctsound_decimated_2\CI\CI01\CI01_05\CI01_05_df24\SanctSound_CI01_05_df24_5s1Hz.ltsa,2/2/2023 11:06,UF,Other,9/1/2020 9:25:06.5,9/1/2020 12:54:59.5,,,,,,,Midshipman,,
\\frosty.ucsd.edu\sanctsound_decimated_2\CI\CI01\CI01_05\CI01_05_df24\SanctSound_CI01_05_df24_5s1Hz.ltsa,2/2/2023 11:07,UF,Other,9/1/2020 11:34:36.5,9/1/2020 13:05:24.5,,,,,,,Bocaccio sunrise,,
\\frosty.ucsd.edu\sanctsound_decimated_2\CI\CI01\CI01_05\CI01_05_df24\SanctSound_CI01_05_df24_5s1Hz.ltsa,2/2/2023 11:07,UF,Other,9/1/2020 11:43:34.5,9/1/2020 13:02:29.5,,,,,,,HF sunrise,,
\\frosty.ucsd.edu\sanctsound_decimated_2\CI\CI01\CI01_05\CI01_05_df24\SanctSound_CI01_05_df24_5s1Hz.ltsa,2/2/2023 11:08,UF,Other,9/1/2020 22:38:42.5,9/2/2020 2:23:40.5,,,,,,,White Seabass,,
\\frosty.ucsd.edu\sanctsound_decimated_2\CI\CI01\CI01_05\CI01_05_df24\SanctSound_CI01_05_df24_5s1Hz.ltsa,2/2/2023 11:08,UF,Other,9/2/2020 2:32:35.5,9/2/2020 3:32:10.5,,,,,,,Bocaccio sunset,,
\\frosty.ucsd.edu\sanctsound_decimated_2\CI\CI01\CI01_05\CI01_05_df24\SanctSound_CI01_05_df24_5s1Hz.ltsa,2/2/2023 11:08,UF,Other,9/2/2020 2:38:30.5,9/2/2020 3:15:45.5,,,,,,,HF sunset,,
\\frosty.ucsd.edu\sanctsound_decimated_2\CI\CI01\CI01_05\CI01_05_df24\SanctSound_CI01_05_df24_5s1Hz.ltsa,2/2/2023 11:08,UF,Other,9/2/2020 3:02:20.5,9/2/2020 4:42:05.5,,,,,,,Midshipman,,
\\frosty.ucsd.edu\sanctsound_decimated_2\CI\CI01\CI01_05\CI01_05_df24\SanctSound_CI01_05_df24_5s1Hz.ltsa,2/2/2023 11:08,UF,Other,9/2/2020 9:59:17.5,9/2/2020 12:50:30.5,,,,,,,Midshipman,,
\\frosty.ucsd.edu\sanctsound_decimated_2\CI\CI01\CI01_05\CI01_05_df24\SanctSound_CI01_05_df24_5s1Hz.ltsa,2/2/2023 11:08,UF,Other,9/2/2020 11:22:37.5,9/2/2020 13:06:50.5,,,,,,,Bocaccio sunrise,,
\\frosty.ucsd.edu\sanctsound_decimated_2\CI\CI01\CI01_05\CI01_05_df24\SanctSound_CI01_05_df24_5s1Hz.ltsa,2/2/2023 11:08,UF,Other,9/2/2020 12:14:45.5,9/2/2020 13:27:45.5,,,,,,,HF sunrise,,
\\frosty.ucsd.edu\sanctsound_decimated_2\CI\CI01\CI01_05\CI01_05_df24\SanctSound_CI01_05_df24_5s1Hz.ltsa,2/2/2023 11:08,UF,Other,9/2/2020 21:58:28.5,9/3/2020 2:16:06.5,,,,,,,White Seabass,,
\\frosty.ucsd.edu\sanctsound_decimated_2\CI\CI01\CI01_05\CI01_05_df24\SanctSound_CI01_05_df24_5s1Hz.ltsa,2/2/2023 11:09,UF,Other,9/3/2020 2:29:31.5,9/3/2020 3:32:06.5,,,,,,,Bocaccio sunset,,
\\frosty.ucsd.edu\sanctsound_decimated_2\CI\CI01\CI01_05\CI01_05_df24\SanctSound_CI01_05_df24_5s1Hz.ltsa,2/2/2023 11:09,UF,Other,9/3/2020 2:35:31.5,9/3/2020 3:12:41.5,,,,,,,HF sunset,,
\\frosty.ucsd.edu\sanctsound_decimated_2\CI\CI01\CI01_05\CI01_05_df24\SanctSound_CI01_05_df24_5s1Hz.ltsa,2/2/2023 11:09,UF,Other,9/3/2020 2:54:51.5,9/3/2020 5:19:16.5,,,,,,,Midshipman,,
\\frosty.ucsd.edu\sanctsound_decimated_2\CI\CI01\CI01_05\CI01_05_df24\SanctSound_CI01_05_df24_5s1Hz.ltsa,2/2/2023 11:09,UF,Other,9/3/2020 9:41:19.5,9/3/2020 12:39:59.5,,,,,,,Midshipman,,
\\frosty.ucsd.edu\sanctsound_decimated_2\CI\CI01\CI01_05\CI01_05_df24\SanctSound_CI01_05_df24_5s1Hz.ltsa,2/2/2023 11:09,UF,Other,9/3/2020 12:08:39.5,9/3/2020 13:11:14.5,,,,,,,Bocaccio sunrise,,
\\frosty.ucsd.edu\sanctsound_decimated_2\CI\CI01\CI01_05\CI01_05_df24\SanctSound_CI01_05_df24_5s1Hz.ltsa,2/2/2023 11:09,UF,Other,9/3/2020 11:35:54.5,9/3/2020 13:05:14.5,,,,,,,HF sunrise,,
\\frosty.ucsd.edu\sanctsound_decimated_2\CI\CI01\CI01_05\CI01_05_df24\SanctSound_CI01_05_df24_5s1Hz.ltsa,2/2/2023 11:09,UF,Other,9/3/2020 22:42:59.5,9/4/2020 3:30:27.5,,,,,,,White Seabass,,
\\frosty.ucsd.edu\sanctsound_decimated_2\CI\CI01\CI01_05\CI01_05_df24\SanctSound_CI01_05_df24_5s1Hz.ltsa,2/2/2023 11:09,UF,Other,9/4/2020 2:38:17.5,9/4/2020 4:25:32.5,,,,,,,Bocaccio sunset,,
\\frosty.ucsd.edu\sanctsound_decimated_2\CI\CI01\CI01_05\CI01_05_df24\SanctSound_CI01_05_df24_5s1Hz.ltsa,2/2/2023 11:09,UF,Other,9/4/2020 2:32:22.5,9/4/2020 3:09:37.5,,,,,,,HF sunset,,
\\frosty.ucsd.edu\sanctsound_decimated_2\CI\CI01\CI01_05\CI01_05_df24\SanctSound_CI01_05_df24_5s1Hz.ltsa,2/2/2023 11:10,UF,Other,9/4/2020 2:50:12.5,9/4/2020 8:16:20.5,,,,,,,Midshipman,,
\\frosty.ucsd.edu\sanctsound_decimated_2\CI\CI01\CI01_05\CI01_05_df24\SanctSound_CI01_05_df24_5s1Hz.ltsa,2/2/2023 11:10,UF,Other,9/4/2020 11:47:41.5,9/4/2020 13:17:01.5,,,,,,,Bocaccio sunrise,,
\\frosty.ucsd.edu\sanctsound_decimated_2\CI\CI01\CI01_05\CI01_05_df24\SanctSound_CI01_05_df24_5s1Hz.ltsa,2/2/2023 11:10,UF,Other,9/4/2020 12:08:31.5,9/4/2020 13:27:31.5,,,,,,,HF sunrise,,
\\frosty.ucsd.edu\sanctsound_decimated_2\CI\CI01\CI01_05\CI01_05_df24\SanctSound_CI01_05_df24_5s1Hz.ltsa,2/2/2023 11:10,UF,Other,9/4/2020 22:42:52.5,9/5/2020 2:17:20.5,,,,,,,White Seabass,,
\\frosty.ucsd.edu\sanctsound_decimated_2\CI\CI01\CI01_05\CI01_05_df24\SanctSound_CI01_05_df24_5s1Hz.ltsa,2/2/2023 11:10,UF,Other,9/5/2020 2:20:20.5,9/5/2020 4:29:55.5,,,,,,,Bocaccio sunset,,
\\frosty.ucsd.edu\sanctsound_decimated_2\CI\CI01\CI01_05\CI01_05_df24\SanctSound_CI01_05_df24_5s1Hz.ltsa,2/2/2023 11:10,UF,Other,9/5/2020 2:26:15.5,9/5/2020 3:12:25.5,,,,,,,HF sunset,,
\\frosty.ucsd.edu\sanctsound_decimated_2\CI\CI01\CI01_05\CI01_05_df24\SanctSound_CI01_05_df24_5s1Hz.ltsa,2/2/2023 11:10,UF,Other,9/5/2020 2:47:10.5,9/5/2020 11:43:07.5,,,,,,,Midshipman,,
\\frosty.ucsd.edu\sanctsound_decimated_2\CI\CI01\CI01_05\CI01_05_df24\SanctSound_CI01_05_df24_5s1Hz.ltsa,2/2/2023 11:10,UF,Other,9/5/2020 11:35:37.5,9/5/2020 13:15:27.5,,,,,,,Bocaccio sunrise,,
\\frosty.ucsd.edu\sanctsound_decimated_2\CI\CI01\CI01_05\CI01_05_df24\SanctSound_CI01_05_df24_5s1Hz.ltsa,2/2/2023 11:10,UF,Other,9/5/2020 12:05:27.5,9/5/2020 13:13:57.5,,,,,,,HF sunrise,,
\\frosty.ucsd.edu\sanctsound_decimated_2\CI\CI01\CI01_05\CI01_05_df24\SanctSound_CI01_05_df24_5s1Hz.ltsa,2/2/2023 11:10,UF,Other,9/5/2020 23:40:45.5,9/6/2020 0:18:00.5,,,,,,,White Seabass,,
\\frosty.ucsd.edu\sanctsound_decimated_2\CI\CI01\CI01_05\CI01_05_df24\SanctSound_CI01_05_df24_5s1Hz.ltsa,2/2/2023 11:11,UF,Other,9/6/2020 2:33:35.5,9/6/2020 5:33:42.5,,,,,,,Bocaccio sunset,,
\\frosty.ucsd.edu\sanctsound_decimated_2\CI\CI01\CI01_05\CI01_05_df24\SanctSound_CI01_05_df24_5s1Hz.ltsa,2/2/2023 11:11,UF,Other,9/6/2020 2:32:05.5,9/6/2020 3:27:10.5,,,,,,,HF sunset,,
\\frosty.ucsd.edu\sanctsound_decimated_2\CI\CI01\CI01_05\CI01_05_df24\SanctSound_CI01_05_df24_5s1Hz.ltsa,2/2/2023 11:11,UF,Other,9/6/2020 2:54:25.5,9/6/2020 11:48:55.5,,,,,,,Midshipman,,
\\frosty.ucsd.edu\sanctsound_decimated_2\CI\CI01\CI01_05\CI01_05_df24\SanctSound_CI01_05_df24_5s1Hz.ltsa,2/2/2023 11:11,UF,Other,9/6/2020 11:26:35.5,9/6/2020 13:18:15.5,,,,,,,Bocaccio sunrise,,
\\frosty.ucsd.edu\sanctsound_decimated_2\CI\CI01\CI01_05\CI01_05_df24\SanctSound_CI01_05_df24_5s1Hz.ltsa,2/2/2023 11:11,UF,Other,9/6/2020 2:33:35.5,9/6/2020 13:06:20.5,,,,,,,HF,,
\\frosty.ucsd.edu\sanctsound_decimated_2\CI\CI01\CI01_05\CI01_05_df24\SanctSound_CI01_05_df24_5s1Hz.ltsa,2/2/2023 11:11,UF,Other,9/6/2020 22:36:34.5,9/7/2020 1:38:24.5,,,,,,,White Seabass,,
\\frosty.ucsd.edu\sanctsound_decimated_2\CI\CI01\CI01_05\CI01_05_df24\SanctSound_CI01_05_df24_5s1Hz.ltsa,2/2/2023 11:11,UF,Other,9/7/2020 2:14:04.5,9/7/2020 3:40:29.5,,,,,,,Bocaccio sunset,,
\\frosty.ucsd.edu\sanctsound_decimated_2\CI\CI01\CI01_05\CI01_05_df24\SanctSound_CI01_05_df24_5s1Hz.ltsa,2/2/2023 11:11,UF,Other,9/7/2020 2:17:04.5,9/7/2020 3:25:34.5,,,,,,,HF sunset,,
\\frosty.ucsd.edu\sanctsound_decimated_2\CI\CI01\CI01_05\CI01_05_df24\SanctSound_CI01_05_df24_5s1Hz.ltsa,2/2/2023 11:12,UF,Other,9/7/2020 2:49:49.5,9/7/2020 12:35:00.5,,,,,,,Midshipman,,
\\frosty.ucsd.edu\sanctsound_decimated_2\CI\CI01\CI01_05\CI01_05_df24\SanctSound_CI01_05_df24_5s1Hz.ltsa,2/2/2023 11:12,UF,Other,9/7/2020 11:20:35.5,9/7/2020 13:13:45.5,,,,,,,Bocaccio sunrise,,
\\frosty.ucsd.edu\sanctsound_decimated_2\CI\CI01\CI01_05\CI01_05_df24\SanctSound_CI01_05_df24_5s1Hz.ltsa,2/2/2023 11:12,UF,Other,9/7/2020 11:20:35.5,9/7/2020 13:27:10.5,,,,,,,HF sunrise,,
\\frosty.ucsd.edu\sanctsound_decimated_2\CI\CI01\CI01_05\CI01_05_df24\SanctSound_CI01_05_df24_5s1Hz.ltsa,2/2/2023 11:12,UF,Other,9/7/2020 2:03:39.5,9/7/2020 13:18:10.5,,,,,,,HF,,
\\frosty.ucsd.edu\sanctsound_decimated_2\CI\CI01\CI01_05\CI01_05_df24\SanctSound_CI01_05_df24_5s1Hz.ltsa,2/2/2023 11:12,UF,Other,9/7/2020 23:04:52.5,9/8/2020 3:34:27.5,,,,,,,White Seabass,,
\\frosty.ucsd.edu\sanctsound_decimated_2\CI\CI01\CI01_05\CI01_05_df24\SanctSound_CI01_05_df24_5s1Hz.ltsa,2/2/2023 11:12,UF,Other,9/8/2020 2:18:32.5,9/8/2020 3:35:57.5,,,,,,,Bocaccio sunset,,
\\frosty.ucsd.edu\sanctsound_decimated_2\CI\CI01\CI01_05\CI01_05_df24\SanctSound_CI01_05_df24_5s1Hz.ltsa,2/2/2023 11:12,UF,Other,9/8/2020 2:20:02.5,9/8/2020 3:13:37.5,,,,,,,HF sunset,,
\\frosty.ucsd.edu\sanctsound_decimated_2\CI\CI01\CI01_05\CI01_05_df24\SanctSound_CI01_05_df24_5s1Hz.ltsa,2/2/2023 11:13,UF,Other,9/8/2020 2:55:47.5,9/8/2020 10:40:19.5,,,,,,,Midshipman,,
\\frosty.ucsd.edu\sanctsound_decimated_2\CI\CI01\CI01_05\CI01_05_df24\SanctSound_CI01_05_df24_5s1Hz.ltsa,2/2/2023 11:13,UF,Other,9/8/2020 11:13:04.5,9/8/2020 13:22:39.5,,,,,,,Bocaccio sunrise,,
\\frosty.ucsd.edu\sanctsound_decimated_2\CI\CI01\CI01_05\CI01_05_df24\SanctSound_CI01_05_df24_5s1Hz.ltsa,2/2/2023 11:13,UF,Other,9/8/2020 11:29:29.5,9/8/2020 13:21:09.5,,,,,,,HF sunrise,,
\\frosty.ucsd.edu\sanctsound_decimated_2\CI\CI01\CI01_05\CI01_05_df24\SanctSound_CI01_05_df24_5s1Hz.ltsa,2/2/2023 11:13,UF,Other,9/8/2020 2:20:02.5,9/8/2020 13:21:09.5,,,,,,,HF,,
\\frosty.ucsd.edu\sanctsound_decimated_2\CI\CI01\CI01_05\CI01_05_df24\SanctSound_CI01_05_df24_5s1Hz.ltsa,2/2/2023 11:13,UF,Other,9/8/2020 22:15:39.5,9/9/2020 7:57:57.5,,,,,,,White Seabass,,
\\frosty.ucsd.edu\sanctsound_decimated_2\CI\CI01\CI01_05\CI01_05_df24\SanctSound_CI01_05_df24_5s1Hz.ltsa,2/2/2023 11:13,UF,Other,9/9/2020 2:22:59.5,9/9/2020 4:01:12.5,,,,,,,Bocaccio sunset,,
\\frosty.ucsd.edu\sanctsound_decimated_2\CI\CI01\CI01_05\CI01_05_df24\SanctSound_CI01_05_df24_5s1Hz.ltsa,2/2/2023 11:13,UF,Other,9/9/2020 2:27:24.5,9/9/2020 3:15:04.5,,,,,,,HF sunset,,
\\frosty.ucsd.edu\sanctsound_decimated_2\CI\CI01\CI01_05\CI01_05_df24\SanctSound_CI01_05_df24_5s1Hz.ltsa,2/2/2023 11:13,UF,Other,9/9/2020 3:07:39.5,9/9/2020 12:08:02.5,,,,,,,Midshipman,,
\\frosty.ucsd.edu\sanctsound_decimated_2\CI\CI01\CI01_05\CI01_05_df24\SanctSound_CI01_05_df24_5s1Hz.ltsa,2/2/2023 11:13,UF,Other,9/9/2020 11:36:47.5,9/9/2020 13:19:32.5,,,,,,,Bocaccio sunrise,,
\\frosty.ucsd.edu\sanctsound_decimated_2\CI\CI01\CI01_05\CI01_05_df24\SanctSound_CI01_05_df24_5s1Hz.ltsa,2/2/2023 11:14,UF,Other,9/9/2020 11:56:07.5,9/9/2020 13:19:32.5,,,,,,,HF sunrise,,
\\frosty.ucsd.edu\sanctsound_decimated_2\CI\CI01\CI01_05\CI01_05_df24\SanctSound_CI01_05_df24_5s1Hz.ltsa,2/2/2023 11:14,UF,Other,9/9/2020 2:31:54.5,9/9/2020 13:25:32.5,,,,,,,HF,,
\\frosty.ucsd.edu\sanctsound_decimated_2\CI\CI01\CI01_05\CI01_05_df24\SanctSound_CI01_05_df24_5s1Hz.ltsa,2/2/2023 11:18,UF,Other,9/10/2020 2:18:22.5,9/10/2020 3:43:14.5,,,,,,,Bocaccio sunset,,
\\frosty.ucsd.edu\sanctsound_decimated_2\CI\CI01\CI01_05\CI01_05_df24\SanctSound_CI01_05_df24_5s1Hz.ltsa,2/2/2023 11:18,UF,Other,9/10/2020 2:27:17.5,9/10/2020 3:16:27.5,,,,,,,HF sunset,,
\\frosty.ucsd.edu\sanctsound_decimated_2\CI\CI01\CI01_05\CI01_05_df24\SanctSound_CI01_05_df24_5s1Hz.ltsa,2/2/2023 11:19,UF,Other,9/10/2020 2:42:12.5,9/10/2020 11:54:35.5,,,,,,,Midshipman,,
\\frosty.ucsd.edu\sanctsound_decimated_2\CI\CI01\CI01_05\CI01_05_df24\SanctSound_CI01_05_df24_5s1Hz.ltsa,2/2/2023 11:19,UF,Other,9/10/2020 11:39:40.5,9/10/2020 13:19:25.5,,,,,,,Bocaccio sunrise,,
\\frosty.ucsd.edu\sanctsound_decimated_2\CI\CI01\CI01_05\CI01_05_df24\SanctSound_CI01_05_df24_5s1Hz.ltsa,2/2/2023 11:19,UF,Other,9/10/2020 10:35:35.5,9/10/2020 13:35:50.5,,,,,,,HF sunrise,,
\\frosty.ucsd.edu\sanctsound_decimated_2\CI\CI01\CI01_05\CI01_05_df24\SanctSound_CI01_05_df24_5s1Hz.ltsa,2/2/2023 11:19,UF,Other,9/10/2020 2:27:17.5,9/10/2020 13:32:50.5,,,,,,,HF,,
\\frosty.ucsd.edu\sanctsound_decimated_2\CI\CI01\CI01_05\CI01_05_df24\SanctSound_CI01_05_df24_5s1Hz.ltsa,2/2/2023 11:19,UF,Other,9/11/2020 2:28:35.5,9/11/2020 4:00:53.5,,,,,,,Bocaccio sunset,,
\\frosty.ucsd.edu\sanctsound_decimated_2\CI\CI01\CI01_05\CI01_05_df24\SanctSound_CI01_05_df24_5s1Hz.ltsa,2/2/2023 11:20,UF,Other,9/11/2020 2:31:35.5,9/11/2020 3:26:38.5,,,,,,,HF sunset,,
\\frosty.ucsd.edu\sanctsound_decimated_2\CI\CI01\CI01_05\CI01_05_df24\SanctSound_CI01_05_df24_5s1Hz.ltsa,2/2/2023 11:20,UF,Other,9/11/2020 3:04:20.5,9/11/2020 11:20:09.5,,,,,,,Midshipman,,
\\frosty.ucsd.edu\sanctsound_decimated_2\CI\CI01\CI01_05\CI01_05_df24\SanctSound_CI01_05_df24_5s1Hz.ltsa,2/2/2023 11:20,UF,Other,9/11/2020 11:49:54.5,9/11/2020 13:14:49.5,,,,,,,Bocaccio sunrise,,
\\frosty.ucsd.edu\sanctsound_decimated_2\CI\CI01\CI01_05\CI01_05_df24\SanctSound_CI01_05_df24_5s1Hz.ltsa,2/2/2023 11:20,UF,Other,9/11/2020 12:21:09.5,9/11/2020 13:31:09.5,,,,,,,HF sunrise,,
\\frosty.ucsd.edu\sanctsound_decimated_2\CI\CI01\CI01_05\CI01_05_df24\SanctSound_CI01_05_df24_5s1Hz.ltsa,2/2/2023 11:20,UF,Other,9/11/2020 2:30:05.5,9/11/2020 13:26:44.5,,,,,,,HF,,
\\frosty.ucsd.edu\sanctsound_decimated_2\CI\CI01\CI01_05\CI01_05_df24\SanctSound_CI01_05_df24_5s1Hz.ltsa,2/2/2023 11:21,UF,Other,9/12/2020 2:18:04.5,9/12/2020 3:42:56.5,,,,,,,Bocaccio sunset,,
\\frosty.ucsd.edu\sanctsound_decimated_2\CI\CI01\CI01_05\CI01_05_df24\SanctSound_CI01_05_df24_5s1Hz.ltsa,2/2/2023 11:21,UF,Other,9/12/2020 2:26:59.5,9/12/2020 3:11:36.5,,,,,,,HF sunset,,
\\frosty.ucsd.edu\sanctsound_decimated_2\CI\CI01\CI01_05\CI01_05_df24\SanctSound_CI01_05_df24_5s1Hz.ltsa,2/2/2023 11:21,UF,Other,9/12/2020 2:53:46.5,9/12/2020 12:06:11.5,,,,,,,Midshipman,,
\\frosty.ucsd.edu\sanctsound_decimated_2\CI\CI01\CI01_05\CI01_05_df24\SanctSound_CI01_05_df24_5s1Hz.ltsa,2/2/2023 11:21,UF,Other,9/12/2020 11:34:51.5,9/12/2020 13:04:11.5,,,,,,,Bocaccio sunrise,,
\\frosty.ucsd.edu\sanctsound_decimated_2\CI\CI01\CI01_05\CI01_05_df24\SanctSound_CI01_05_df24_5s1Hz.ltsa,2/2/2023 11:21,UF,Other,9/12/2020 11:54:16.5,9/12/2020 13:02:46.5,,,,,,,HF sunrise,,
\\frosty.ucsd.edu\sanctsound_decimated_2\CI\CI01\CI01_05\CI01_05_df24\SanctSound_CI01_05_df24_5s1Hz.ltsa,2/2/2023 11:21,UF,Other,9/12/2020 2:25:29.5,9/12/2020 13:38:26.5,,,,,,,HF,,
\\frosty.ucsd.edu\sanctsound_decimated_2\CI\CI01\CI01_05\CI01_05_df24\SanctSound_CI01_05_df24_5s1Hz.ltsa,2/2/2023 11:21,UF,Other,9/12/2020 19:26:51.5,9/12/2020 20:24:56.5,,,,,,,White Seabass,,
\\frosty.ucsd.edu\sanctsound_decimated_2\CI\CI01\CI01_05\CI01_05_df24\SanctSound_CI01_05_df24_5s1Hz.ltsa,2/2/2023 11:22,UF,Other,9/13/2020 2:14:49.5,9/13/2020 3:29:17.5,,,,,,,Bocaccio sunset,,
\\frosty.ucsd.edu\sanctsound_decimated_2\CI\CI01\CI01_05\CI01_05_df24\SanctSound_CI01_05_df24_5s1Hz.ltsa,2/2/2023 11:22,UF,Other,9/13/2020 2:16:19.5,9/13/2020 2:49:02.5,,,,,,,HF sunset,,
\\frosty.ucsd.edu\sanctsound_decimated_2\CI\CI01\CI01_05\CI01_05_df24\SanctSound_CI01_05_df24_5s1Hz.ltsa,2/2/2023 11:22,UF,Other,9/13/2020 2:43:07.5,9/13/2020 12:49:08.5,,,,,,,Midshipman,,
\\frosty.ucsd.edu\sanctsound_decimated_2\CI\CI01\CI01_05\CI01_05_df24\SanctSound_CI01_05_df24_5s1Hz.ltsa,2/2/2023 11:22,UF,Other,9/13/2020 11:33:08.5,9/13/2020 13:20:23.5,,,,,,,Bocaccio sunrise,,
\\frosty.ucsd.edu\sanctsound_decimated_2\CI\CI01\CI01_05\CI01_05_df24\SanctSound_CI01_05_df24_5s1Hz.ltsa,2/2/2023 11:22,UF,Other,9/13/2020 11:36:08.5,9/13/2020 13:24:53.5,,,,,,,HF sunrise,,
\\frosty.ucsd.edu\sanctsound_decimated_2\CI\CI01\CI01_05\CI01_05_df24\SanctSound_CI01_05_df24_5s1Hz.ltsa,2/2/2023 11:23,UF,Other,9/13/2020 2:17:49.5,9/13/2020 13:24:53.5,,,,,,,HF,,
\\frosty.ucsd.edu\sanctsound_decimated_2\CI\CI01\CI01_05\CI01_05_df24\SanctSound_CI01_05_df24_5s1Hz.ltsa,2/2/2023 11:23,UF,Other,9/14/2020 2:23:33.5,9/14/2020 3:32:03.5,,,,,,,Bocaccio sunset,,
\\frosty.ucsd.edu\sanctsound_decimated_2\CI\CI01\CI01_05\CI01_05_df24\SanctSound_CI01_05_df24_5s1Hz.ltsa,2/2/2023 11:23,UF,Other,9/14/2020 2:31:03.5,9/14/2020 3:29:08.5,,,,,,,HF sunset,,
\\frosty.ucsd.edu\sanctsound_decimated_2\CI\CI01\CI01_05\CI01_05_df24\SanctSound_CI01_05_df24_5s1Hz.ltsa,2/2/2023 11:23,UF,Other,9/14/2020 2:44:28.5,9/14/2020 12:53:26.5,,,,,,,Midshipman,,
\\frosty.ucsd.edu\sanctsound_decimated_2\CI\CI01\CI01_05\CI01_05_df24\SanctSound_CI01_05_df24_5s1Hz.ltsa,2/2/2023 11:23,UF,Other,9/14/2020 11:24:06.5,9/14/2020 13:17:16.5,,,,,,,Bocaccio sunrise,,
\\frosty.ucsd.edu\sanctsound_decimated_2\CI\CI01\CI01_05\CI01_05_df24\SanctSound_CI01_05_df24_5s1Hz.ltsa,2/2/2023 11:23,UF,Other,9/14/2020 11:55:21.5,9/14/2020 13:05:21.5,,,,,,,HF sunrise,,
\\frosty.ucsd.edu\sanctsound_decimated_2\CI\CI01\CI01_05\CI01_05_df24\SanctSound_CI01_05_df24_5s1Hz.ltsa,2/2/2023 11:23,UF,Other,9/14/2020 2:34:03.5,9/14/2020 13:02:26.5,,,,,,,HF,,
\\frosty.ucsd.edu\sanctsound_decimated_2\CI\CI01\CI01_05\CI01_05_df24\SanctSound_CI01_05_df24_5s1Hz.ltsa,2/2/2023 11:24,UF,Other,9/15/2020 2:21:59.5,9/15/2020 4:01:44.5,,,,,,,Bocaccio sunset,,
\\frosty.ucsd.edu\sanctsound_decimated_2\CI\CI01\CI01_05\CI01_05_df24\SanctSound_CI01_05_df24_5s1Hz.ltsa,2/2/2023 11:24,UF,Other,9/15/2020 2:27:54.5,9/15/2020 3:24:29.5,,,,,,,HF sunset,,
\\frosty.ucsd.edu\sanctsound_decimated_2\CI\CI01\CI01_05\CI01_05_df24\SanctSound_CI01_05_df24_5s1Hz.ltsa,2/2/2023 11:24,UF,Other,9/15/2020 3:02:09.5,9/15/2020 12:47:22.5,,,,,,,Midshipman,,
\\frosty.ucsd.edu\sanctsound_decimated_2\CI\CI01\CI01_05\CI01_05_df24\SanctSound_CI01_05_df24_5s1Hz.ltsa,2/2/2023 11:24,UF,Other,9/15/2020 11:32:52.5,9/15/2020 13:17:07.5,,,,,,,Bocaccio sunrise,,
\\frosty.ucsd.edu\sanctsound_decimated_2\CI\CI01\CI01_05\CI01_05_df24\SanctSound_CI01_05_df24_5s1Hz.ltsa,2/2/2023 11:24,UF,Other,9/15/2020 11:15:02.5,9/15/2020 13:21:37.5,,,,,,,HF sunrise,,
\\frosty.ucsd.edu\sanctsound_decimated_2\CI\CI01\CI01_05\CI01_05_df24\SanctSound_CI01_05_df24_5s1Hz.ltsa,2/2/2023 11:24,UF,Other,9/15/2020 2:30:54.5,9/15/2020 13:18:37.5,,,,,,,HF,,
\\frosty.ucsd.edu\sanctsound_decimated_2\CI\CI01\CI01_05\CI01_05_df24\SanctSound_CI01_05_df24_5s1Hz.ltsa,2/2/2023 11:24,UF,Other,9/15/2020 23:23:08.5,9/16/2020 1:29:43.5,,,,,,,White Seabass,,
\\frosty.ucsd.edu\sanctsound_decimated_2\CI\CI01\CI01_05\CI01_05_df24\SanctSound_CI01_05_df24_5s1Hz.ltsa,2/2/2023 11:24,UF,Other,9/16/2020 2:17:21.5,9/16/2020 4:06:01.5,,,,,,,Bocaccio sunset,,
\\frosty.ucsd.edu\sanctsound_decimated_2\CI\CI01\CI01_05\CI01_05_df24\SanctSound_CI01_05_df24_5s1Hz.ltsa,2/2/2023 11:25,UF,Other,9/16/2020 2:15:51.5,9/16/2020 3:12:26.5,,,,,,,HF sunset,,
\\frosty.ucsd.edu\sanctsound_decimated_2\CI\CI01\CI01_05\CI01_05_df24\SanctSound_CI01_05_df24_5s1Hz.ltsa,2/2/2023 11:25,UF,Other,9/16/2020 2:57:31.5,9/16/2020 12:45:43.5,,,,,,,Midshipman,,
\\frosty.ucsd.edu\sanctsound_decimated_2\CI\CI01\CI01_05\CI01_05_df24\SanctSound_CI01_05_df24_5s1Hz.ltsa,2/2/2023 11:25,UF,Other,9/16/2020 11:49:08.5,9/16/2020 13:06:33.5,,,,,,,Bocaccio sunrise,,
\\frosty.ucsd.edu\sanctsound_decimated_2\CI\CI01\CI01_05\CI01_05_df24\SanctSound_CI01_05_df24_5s1Hz.ltsa,2/2/2023 11:25,UF,Other,9/16/2020 9:57:28.5,9/16/2020 12:45:43.5,,,,,,,HF sunrise,,
\\frosty.ucsd.edu\sanctsound_decimated_2\CI\CI01\CI01_05\CI01_05_df24\SanctSound_CI01_05_df24_5s1Hz.ltsa,2/2/2023 11:25,UF,Other,9/17/2020 2:17:11.5,9/17/2020 3:30:11.5,,,,,,,Bocaccio sunset,,
\\frosty.ucsd.edu\sanctsound_decimated_2\CI\CI01\CI01_05\CI01_05_df24\SanctSound_CI01_05_df24_5s1Hz.ltsa,2/2/2023 11:25,UF,Other,9/17/2020 2:21:41.5,9/17/2020 3:21:11.5,,,,,,,HF sunset,,
\\frosty.ucsd.edu\sanctsound_decimated_2\CI\CI01\CI01_05\CI01_05_df24\SanctSound_CI01_05_df24_5s1Hz.ltsa,2/2/2023 11:25,UF,Other,9/17/2020 2:54:26.5,9/17/2020 12:41:04.5,,,,,,,Midshipman,,
\\frosty.ucsd.edu\sanctsound_decimated_2\CI\CI01\CI01_05\CI01_05_df24\SanctSound_CI01_05_df24_5s1Hz.ltsa,2/2/2023 11:26,UF,Other,9/17/2020 11:40:04.5,9/17/2020 13:16:49.5,,,,,,,Bocaccio sunrise,,
\\frosty.ucsd.edu\sanctsound_decimated_2\CI\CI01\CI01_05\CI01_05_df24\SanctSound_CI01_05_df24_5s1Hz.ltsa,2/2/2023 11:26,UF,Other,9/17/2020 10:18:09.5,9/17/2020 12:58:59.5,,,,,,,HF sunrise,,
\\frosty.ucsd.edu\sanctsound_decimated_2\CI\CI01\CI01_05\CI01_05_df24\SanctSound_CI01_05_df24_5s1Hz.ltsa,2/2/2023 11:26,UF,Other,9/17/2020 2:15:41.5,9/17/2020 12:50:04.5,,,,,,,HF,,
\\frosty.ucsd.edu\sanctsound_decimated_2\CI\CI01\CI01_05\CI01_05_df24\SanctSound_CI01_05_df24_5s1Hz.ltsa,2/2/2023 11:26,UF,Other,9/18/2020 2:09:33.5,9/18/2020 3:20:58.5,,,,,,,Bocaccio sunset,,
\\frosty.ucsd.edu\sanctsound_decimated_2\CI\CI01\CI01_05\CI01_05_df24\SanctSound_CI01_05_df24_5s1Hz.ltsa,2/2/2023 11:26,UF,Other,9/18/2020 2:11:03.5,9/18/2020 2:55:43.5,,,,,,,HF sunset,,
\\frosty.ucsd.edu\sanctsound_decimated_2\CI\CI01\CI01_05\CI01_05_df24\SanctSound_CI01_05_df24_5s1Hz.ltsa,2/2/2023 11:26,UF,Other,9/18/2020 2:43:48.5,9/18/2020 12:37:55.5,,,,,,,Midshipman,,
\\frosty.ucsd.edu\sanctsound_decimated_2\CI\CI01\CI01_05\CI01_05_df24\SanctSound_CI01_05_df24_5s1Hz.ltsa,2/2/2023 11:26,UF,Other,9/18/2020 11:27:55.5,9/18/2020 13:15:05.5,,,,,,,Bocaccio sunrise,,
\\frosty.ucsd.edu\sanctsound_decimated_2\CI\CI01\CI01_05\CI01_05_df24\SanctSound_CI01_05_df24_5s1Hz.ltsa,2/2/2023 11:26,UF,Other,9/19/2020 2:06:23.5,9/19/2020 3:23:48.5,,,,,,,Bocaccio sunset,,
\\frosty.ucsd.edu\sanctsound_decimated_2\CI\CI01\CI01_05\CI01_05_df24\SanctSound_CI01_05_df24_5s1Hz.ltsa,2/2/2023 11:27,UF,Other,9/19/2020 2:15:18.5,9/19/2020 2:58:28.5,,,,,,,HF sunset,,
\\frosty.ucsd.edu\sanctsound_decimated_2\CI\CI01\CI01_05\CI01_05_df24\SanctSound_CI01_05_df24_5s1Hz.ltsa,2/2/2023 11:27,UF,Other,9/19/2020 2:45:08.5,9/19/2020 12:43:40.5,,,,,,,Midshipman,,
\\frosty.ucsd.edu\sanctsound_decimated_2\CI\CI01\CI01_05\CI01_05_df24\SanctSound_CI01_05_df24_5s1Hz.ltsa,2/2/2023 11:27,UF,Other,9/20/2020 2:18:09.5,9/20/2020 3:51:59.5,,,,,,,Bocaccio sunset,,
\\frosty.ucsd.edu\sanctsound_decimated_2\CI\CI01\CI01_05\CI01_05_df24\SanctSound_CI01_05_df24_5s1Hz.ltsa,2/2/2023 11:27,UF,Other,9/20/2020 2:16:39.5,9/20/2020 3:07:19.5,,,,,,,HF sunset,,
\\frosty.ucsd.edu\sanctsound_decimated_2\CI\CI01\CI01_05\CI01_05_df24\SanctSound_CI01_05_df24_5s1Hz.ltsa,2/2/2023 11:27,UF,Other,9/20/2020 2:38:59.5,9/20/2020 12:33:05.5,,,,,,,Midshipman,,
\\frosty.ucsd.edu\sanctsound_decimated_2\CI\CI01\CI01_05\CI01_05_df24\SanctSound_CI01_05_df24_5s1Hz.ltsa,2/2/2023 11:27,UF,Other,9/21/2020 2:12:02.5,9/21/2020 4:46:57.5,,,,,,,Bocaccio sunset,,
\\frosty.ucsd.edu\sanctsound_decimated_2\CI\CI01\CI01_05\CI01_05_df24\SanctSound_CI01_05_df24_5s1Hz.ltsa,2/2/2023 11:27,UF,Other,9/21/2020 2:09:07.5,9/21/2020 4:27:37.5,,,,,,,HF sunset,,
\\frosty.ucsd.edu\sanctsound_decimated_2\CI\CI01\CI01_05\CI01_05_df24\SanctSound_CI01_05_df24_5s1Hz.ltsa,2/2/2023 11:27,UF,Other,9/21/2020 2:46:17.5,9/21/2020 12:50:55.5,,,,,,,Midhsipman,,
\\frosty.ucsd.edu\sanctsound_decimated_2\CI\CI01\CI01_05\CI01_05_df24\SanctSound_CI01_05_df24_5s1Hz.ltsa,2/2/2023 11:28,UF,Other,9/21/2020 11:34:55.5,9/21/2020 13:16:10.5,,,,,,,Bocaccio sunrise,,
\\frosty.ucsd.edu\sanctsound_decimated_2\CI\CI01\CI01_05\CI01_05_df24\SanctSound_CI01_05_df24_5s1Hz.ltsa,2/2/2023 11:28,UF,Other,9/22/2020 2:09:01.5,9/22/2020 4:36:26.5,,,,,,,Bocaccio sunset,,
\\frosty.ucsd.edu\sanctsound_decimated_2\CI\CI01\CI01_05\CI01_05_df24\SanctSound_CI01_05_df24_5s1Hz.ltsa,2/2/2023 11:28,UF,Other,9/22/2020 2:07:31.5,9/22/2020 4:17:01.5,,,,,,,HF sunset,,
\\frosty.ucsd.edu\sanctsound_decimated_2\CI\CI01\CI01_05\CI01_05_df24\SanctSound_CI01_05_df24_5s1Hz.ltsa,2/2/2023 11:28,UF,Other,9/22/2020 2:58:06.5,9/22/2020 12:38:55.5,,,,,,,Midshipman,,
\\frosty.ucsd.edu\sanctsound_decimated_2\CI\CI01\CI01_05\CI01_05_df24\SanctSound_CI01_05_df24_5s1Hz.ltsa,2/2/2023 11:28,UF,Other,9/22/2020 10:27:50.5,9/22/2020 13:19:01.5,,,,,,,Bocaccio sunrise,,
\\frosty.ucsd.edu\sanctsound_decimated_2\CI\CI01\CI01_05\CI01_05_df24\SanctSound_CI01_05_df24_5s1Hz.ltsa,2/2/2023 11:28,UF,Other,9/22/2020 11:08:00.5,9/22/2020 13:27:56.5,,,,,,,HF sunrise,,
\\frosty.ucsd.edu\sanctsound_decimated_2\CI\CI01\CI01_05\CI01_05_df24\SanctSound_CI01_05_df24_5s1Hz.ltsa,2/2/2023 11:28,UF,Other,9/22/2020 2:14:56.5,9/22/2020 13:19:01.5,,,,,,,HF,,
\\frosty.ucsd.edu\sanctsound_decimated_2\CI\CI01\CI01_05\CI01_05_df24\SanctSound_CI01_05_df24_5s1Hz.ltsa,2/2/2023 11:29,UF,Other,9/23/2020 1:52:31.5,9/23/2020 3:42:41.5,,,,,,,Bocaccio sunset,,
\\frosty.ucsd.edu\sanctsound_decimated_2\CI\CI01\CI01_05\CI01_05_df24\SanctSound_CI01_05_df24_5s1Hz.ltsa,2/2/2023 11:29,UF,Other,9/23/2020 1:54:01.5,9/23/2020 3:17:26.5,,,,,,,HF sunset,,
\\frosty.ucsd.edu\sanctsound_decimated_2\CI\CI01\CI01_05\CI01_05_df24\SanctSound_CI01_05_df24_5s1Hz.ltsa,2/2/2023 11:29,UF,Other,9/23/2020 2:50:36.5,9/23/2020 13:01:08.5,,,,,,,Midshipman,,
\\frosty.ucsd.edu\sanctsound_decimated_2\CI\CI01\CI01_05\CI01_05_df24\SanctSound_CI01_05_df24_5s1Hz.ltsa,2/2/2023 11:29,UF,Other,9/23/2020 11:06:28.5,9/23/2020 13:21:52.5,,,,,,,Bocaccio sunrise,,
\\frosty.ucsd.edu\sanctsound_decimated_2\CI\CI01\CI01_05\CI01_05_df24\SanctSound_CI01_05_df24_5s1Hz.ltsa,2/2/2023 11:29,UF,Other,9/23/2020 9:41:33.5,9/23/2020 12:32:48.5,,,,,,,HF sunrise,,
\\frosty.ucsd.edu\sanctsound_decimated_2\CI\CI01\CI01_05\CI01_05_df24\SanctSound_CI01_05_df24_5s1Hz.ltsa,2/2/2023 11:29,UF,Other,9/23/2020 1:57:01.5,9/23/2020 13:18:52.5,,,,,,,HF,,
\\frosty.ucsd.edu\sanctsound_decimated_2\CI\CI01\CI01_05\CI01_05_df24\SanctSound_CI01_05_df24_5s1Hz.ltsa,2/2/2023 11:30,UF,Other,9/24/2020 1:55:17.5,9/24/2020 3:08:12.5,,,,,,,Bocaccio sunset,,
\\frosty.ucsd.edu\sanctsound_decimated_2\CI\CI01\CI01_05\CI01_05_df24\SanctSound_CI01_05_df24_5s1Hz.ltsa,2/2/2023 11:30,UF,Other,9/24/2020 1:59:42.5,9/24/2020 2:50:22.5,,,,,,,HF sunset,,
\\frosty.ucsd.edu\sanctsound_decimated_2\CI\CI01\CI01_05\CI01_05_df24\SanctSound_CI01_05_df24_5s1Hz.ltsa,2/2/2023 11:30,UF,Other,9/24/2020 4:53:57.5,9/24/2020 12:39:59.5,,,,,,,Midshipman,,
\\frosty.ucsd.edu\sanctsound_decimated_2\CI\CI01\CI01_05\CI01_05_df24\SanctSound_CI01_05_df24_5s1Hz.ltsa,2/2/2023 11:30,UF,Other,9/24/2020 11:41:54.5,9/24/2020 13:20:12.5,,,,,,,Bocaccio sunrise,,
\\frosty.ucsd.edu\sanctsound_decimated_2\CI\CI01\CI01_05\CI01_05_df24\SanctSound_CI01_05_df24_5s1Hz.ltsa,2/2/2023 11:30,UF,Other,9/24/2020 12:10:14.5,9/24/2020 13:27:37.5,,,,,,,HF sunrise,,
\\frosty.ucsd.edu\sanctsound_decimated_2\CI\CI01\CI01_05\CI01_05_df24\SanctSound_CI01_05_df24_5s1Hz.ltsa,2/2/2023 11:30,UF,Other,9/24/2020 2:10:12.5,9/24/2020 13:32:07.5,,,,,,,HF,,
\\frosty.ucsd.edu\sanctsound_decimated_2\CI\CI01\CI01_05\CI01_05_df24\SanctSound_CI01_05_df24_5s1Hz.ltsa,2/2/2023 11:30,UF,Other,9/25/2020 1:58:08.5,9/25/2020 3:11:03.5,,,,,,,Bocaccio sunset,,
\\frosty.ucsd.edu\sanctsound_decimated_2\CI\CI01\CI01_05\CI01_05_df24\SanctSound_CI01_05_df24_5s1Hz.ltsa,2/2/2023 11:30,UF,Other,9/25/2020 2:02:33.5,9/25/2020 2:44:18.5,,,,,,,HF sunset,,
\\frosty.ucsd.edu\sanctsound_decimated_2\CI\CI01\CI01_05\CI01_05_df24\SanctSound_CI01_05_df24_5s1Hz.ltsa,2/2/2023 11:31,UF,Other,9/25/2020 2:44:18.5,9/25/2020 12:47:21.5,,,,,,,Midshipman,,
\\frosty.ucsd.edu\sanctsound_decimated_2\CI\CI01\CI01_05\CI01_05_df24\SanctSound_CI01_05_df24_5s1Hz.ltsa,2/2/2023 11:31,UF,Other,9/25/2020 11:52:16.5,9/25/2020 13:23:02.5,,,,,,,Bocaccio sunrise,,
\\frosty.ucsd.edu\sanctsound_decimated_2\CI\CI01\CI01_05\CI01_05_df24\SanctSound_CI01_05_df24_5s1Hz.ltsa,2/2/2023 11:31,UF,Other,9/25/2020 11:29:56.5,9/25/2020 13:17:02.5,,,,,,,HF sunrise,,
\\frosty.ucsd.edu\sanctsound_decimated_2\CI\CI01\CI01_05\CI01_05_df24\SanctSound_CI01_05_df24_5s1Hz.ltsa,2/2/2023 11:31,UF,Other,9/26/2020 2:11:21.5,9/26/2020 2:59:01.5,,,,,,,Bocaccio sunset,,
\\frosty.ucsd.edu\sanctsound_decimated_2\CI\CI01\CI01_05\CI01_05_df24\SanctSound_CI01_05_df24_5s1Hz.ltsa,2/2/2023 11:32,UF,Other,9/26/2020 1:59:26.5,9/26/2020 2:29:16.5,,,,,,,HF sunset,,
\\frosty.ucsd.edu\sanctsound_decimated_2\CI\CI01\CI01_05\CI01_05_df24\SanctSound_CI01_05_df24_5s1Hz.ltsa,2/2/2023 11:32,UF,Other,9/26/2020 2:53:06.5,9/26/2020 13:03:26.5,,,,,,,Midshipman,,
\\frosty.ucsd.edu\sanctsound_decimated_2\CI\CI01\CI01_05\CI01_05_df24\SanctSound_CI01_05_df24_5s1Hz.ltsa,2/2/2023 11:32,UF,Other,9/26/2020 11:28:17.5,9/26/2020 13:15:21.5,,,,,,,Bocaccio sunrise,,
\\frosty.ucsd.edu\sanctsound_decimated_2\CI\CI01\CI01_05\CI01_05_df24\SanctSound_CI01_05_df24_5s1Hz.ltsa,2/2/2023 11:32,UF,Other,9/26/2020 11:31:12.5,9/26/2020 13:16:51.5,,,,,,,HF sunrise,,
\\frosty.ucsd.edu\sanctsound_decimated_2\CI\CI01\CI01_05\CI01_05_df24\SanctSound_CI01_05_df24_5s1Hz.ltsa,2/2/2023 11:32,UF,Other,9/27/2020 2:05:15.5,9/27/2020 4:13:20.5,,,,,,,Bocaccio sunset,,
\\frosty.ucsd.edu\sanctsound_decimated_2\CI\CI01\CI01_05\CI01_05_df24\SanctSound_CI01_05_df24_5s1Hz.ltsa,2/2/2023 11:32,UF,Other,9/27/2020 1:54:50.5,9/27/2020 3:34:35.5,,,,,,,HF sunset,,
\\frosty.ucsd.edu\sanctsound_decimated_2\CI\CI01\CI01_05\CI01_05_df24\SanctSound_CI01_05_df24_5s1Hz.ltsa,2/2/2023 11:32,UF,Other,9/27/2020 6:37:43.5,9/27/2020 12:50:01.5,,,,,,,Midshipman,,
\\frosty.ucsd.edu\sanctsound_decimated_2\CI\CI01\CI01_05\CI01_05_df24\SanctSound_CI01_05_df24_5s1Hz.ltsa,2/2/2023 11:32,UF,Other,9/27/2020 11:54:53.5,9/27/2020 13:21:16.5,,,,,,,Bocaccio sunrise,,
\\frosty.ucsd.edu\sanctsound_decimated_2\CI\CI01\CI01_05\CI01_05_df24\SanctSound_CI01_05_df24_5s1Hz.ltsa,2/2/2023 11:33,UF,Other,9/27/2020 12:03:53.5,9/27/2020 13:24:16.5,,,,,,,HF sunrise,,
\\frosty.ucsd.edu\sanctsound_decimated_2\CI\CI01\CI01_05\CI01_05_df24\SanctSound_CI01_05_df24_5s1Hz.ltsa,2/2/2023 11:33,UF,Other,9/28/2020 2:09:43.5,9/28/2020 3:53:53.5,,,,,,,Bocaccio sunset,,
\\frosty.ucsd.edu\sanctsound_decimated_2\CI\CI01\CI01_05\CI01_05_df24\SanctSound_CI01_05_df24_5s1Hz.ltsa,2/2/2023 11:33,UF,Other,9/28/2020 1:50:18.5,9/28/2020 3:13:43.5,,,,,,,HF sunset,,
\\frosty.ucsd.edu\sanctsound_decimated_2\CI\CI01\CI01_05\CI01_05_df24\SanctSound_CI01_05_df24_5s1Hz.ltsa,2/2/2023 11:33,UF,Other,9/28/2020 8:36:51.5,9/28/2020 13:19:44.5,,,,,,,Midshipman,,
\\frosty.ucsd.edu\sanctsound_decimated_2\CI\CI01\CI01_05\CI01_05_df24\SanctSound_CI01_05_df24_5s1Hz.ltsa,2/2/2023 11:33,UF,Other,9/28/2020 12:00:51.5,9/28/2020 13:21:14.5,,,,,,,Bocaccio sunrise,,
\\frosty.ucsd.edu\sanctsound_decimated_2\CI\CI01\CI01_05\CI01_05_df24\SanctSound_CI01_05_df24_5s1Hz.ltsa,2/2/2023 11:33,UF,Other,9/28/2020 10:43:26.5,9/28/2020 13:33:09.5,,,,,,,HF sunrise,,
\\frosty.ucsd.edu\sanctsound_decimated_2\CI\CI01\CI01_05\CI01_05_df24\SanctSound_CI01_05_df24_5s1Hz.ltsa,2/2/2023 11:33,UF,Other,9/29/2020 1:45:49.5,9/29/2020 2:51:19.5,,,,,,,Bocaccio sunset,,
\\frosty.ucsd.edu\sanctsound_decimated_2\CI\CI01\CI01_05\CI01_05_df24\SanctSound_CI01_05_df24_5s1Hz.ltsa,2/2/2023 11:33,UF,Other,9/29/2020 1:45:49.5,9/29/2020 2:27:29.5,,,,,,,HF sunset,,
\\frosty.ucsd.edu\sanctsound_decimated_2\CI\CI01\CI01_05\CI01_05_df24\SanctSound_CI01_05_df24_5s1Hz.ltsa,2/2/2023 11:34,UF,Other,9/29/2020 2:36:24.5,9/29/2020 3:50:54.5,,,,,,,Midshipman,,
\\frosty.ucsd.edu\sanctsound_decimated_2\CI\CI01\CI01_05\CI01_05_df24\SanctSound_CI01_05_df24_5s1Hz.ltsa,2/2/2023 11:34,UF,Other,9/29/2020 9:25:52.5,9/29/2020 13:00:19.5,,,,,,,Midshipman,,
\\frosty.ucsd.edu\sanctsound_decimated_2\CI\CI01\CI01_05\CI01_05_df24\SanctSound_CI01_05_df24_5s1Hz.ltsa,2/2/2023 11:34,UF,Other,9/29/2020 11:53:17.5,9/29/2020 13:21:09.5,,,,,,,Bocaccio sunrise,,
\\frosty.ucsd.edu\sanctsound_decimated_2\CI\CI01\CI01_05\CI01_05_df24\SanctSound_CI01_05_df24_5s1Hz.ltsa,2/2/2023 11:36,UF,Other,9/30/2020 1:53:09.5,9/30/2020 2:28:54.5,,,,,,,Bocaccio sunset,,
\\frosty.ucsd.edu\sanctsound_decimated_2\CI\CI01\CI01_05\CI01_05_df24\SanctSound_CI01_05_df24_5s1Hz.ltsa,2/2/2023 11:36,UF,Other,9/30/2020 1:41:14.5,9/30/2020 2:16:59.5,,,,,,,HF sunset,,
\\frosty.ucsd.edu\sanctsound_decimated_2\CI\CI01\CI01_05\CI01_05_df24\SanctSound_CI01_05_df24_5s1Hz.ltsa,2/2/2023 11:36,UF,Other,9/30/2020 2:34:49.5,9/30/2020 4:14:39.5,,,,,,,Midshipman,,
\\frosty.ucsd.edu\sanctsound_decimated_2\CI\CI01\CI01_05\CI01_05_df24\SanctSound_CI01_05_df24_5s1Hz.ltsa,2/2/2023 11:36,UF,Other,9/30/2020 8:11:22.5,9/30/2020 9:00:32.5,,,,,,,Midshipman,,
\\frosty.ucsd.edu\sanctsound_decimated_2\CI\CI01\CI01_05\CI01_05_df24\SanctSound_CI01_05_df24_5s1Hz.ltsa,2/2/2023 11:36,UF,Other,9/30/2020 9:40:42.5,9/30/2020 13:03:10.5,,,,,,,Midshipman,,
\\frosty.ucsd.edu\sanctsound_decimated_2\CI\CI01\CI01_05\CI01_05_df24\SanctSound_CI01_05_df24_5s1Hz.ltsa,2/2/2023 11:36,UF,Other,9/30/2020 11:42:47.5,9/30/2020 12:58:45.5,,,,,,,Bocaccio sunrise,,
\\frosty.ucsd.edu\sanctsound_decimated_2\CI\CI01\CI01_05\CI01_05_df24\SanctSound_CI01_05_df24_5s1Hz.ltsa,2/2/2023 11:36,UF,Other,9/30/2020 11:33:52.5,9/30/2020 13:01:40.5,,,,,,,HF sunrise,,
\\frosty.ucsd.edu\sanctsound_decimated_2\CI\CI01\CI01_05\CI01_05_df24\SanctSound_CI01_05_df24_5s1Hz.ltsa,2/2/2023 11:37,UF,Other,10/1/2020 1:50:05.5,10/1/2020 2:42:15.5,,,,,,,Bocaccio sunset,,
\\frosty.ucsd.edu\sanctsound_decimated_2\CI\CI01\CI01_05\CI01_05_df24\SanctSound_CI01_05_df24_5s1Hz.ltsa,2/2/2023 11:37,UF,Other,10/1/2020 1:41:10.5,10/1/2020 2:25:50.5,,,,,,,HF sunset,,
\\frosty.ucsd.edu\sanctsound_decimated_2\CI\CI01\CI01_05\CI01_05_df24\SanctSound_CI01_05_df24_5s1Hz.ltsa,2/2/2023 11:37,UF,Other,10/1/2020 2:13:55.5,10/1/2020 5:11:10.5,,,,,,,Midshipman,,
\\frosty.ucsd.edu\sanctsound_decimated_2\CI\CI01\CI01_05\CI01_05_df24\SanctSound_CI01_05_df24_5s1Hz.ltsa,2/2/2023 11:37,UF,Other,10/1/2020 9:21:17.5,10/1/2020 13:13:29.5,,,,,,,Midshipman,,
\\frosty.ucsd.edu\sanctsound_decimated_2\CI\CI01\CI01_05\CI01_05_df24\SanctSound_CI01_05_df24_5s1Hz.ltsa,2/2/2023 11:37,UF,Other,10/1/2020 11:54:37.5,10/1/2020 13:22:29.5,,,,,,,Bocaccio sunrise,,
\\frosty.ucsd.edu\sanctsound_decimated_2\CI\CI01\CI01_05\CI01_05_df24\SanctSound_CI01_05_df24_5s1Hz.ltsa,2/2/2023 11:37,UF,Other,10/1/2020 11:57:37.5,10/1/2020 13:38:49.5,,,,,,,HF sunrise,,
\\frosty.ucsd.edu\sanctsound_decimated_2\CI\CI01\CI01_05\CI01_05_df24\SanctSound_CI01_05_df24_5s1Hz.ltsa,2/2/2023 11:37,UF,Other,10/2/2020 1:45:34.5,10/2/2020 2:30:14.5,,,,,,,Bocaccio sunset,,
\\frosty.ucsd.edu\sanctsound_decimated_2\CI\CI01\CI01_05\CI01_05_df24\SanctSound_CI01_05_df24_5s1Hz.ltsa,2/2/2023 11:38,UF,Other,10/2/2020 1:49:59.5,10/2/2020 2:19:49.5,,,,,,,HF sunset,,
\\frosty.ucsd.edu\sanctsound_decimated_2\CI\CI01\CI01_05\CI01_05_df24\SanctSound_CI01_05_df24_5s1Hz.ltsa,2/2/2023 11:38,UF,Other,10/2/2020 2:09:24.5,10/2/2020 4:38:14.5,,,,,,,Midshipman,,
\\frosty.ucsd.edu\sanctsound_decimated_2\CI\CI01\CI01_05\CI01_05_df24\SanctSound_CI01_05_df24_5s1Hz.ltsa,2/2/2023 11:38,UF,Other,10/2/2020 11:15:48.5,10/2/2020 13:23:51.5,,,,,,,Bocaccio sunrise,,
\\frosty.ucsd.edu\sanctsound_decimated_2\CI\CI01\CI01_05\CI01_05_df24\SanctSound_CI01_05_df24_5s1Hz.ltsa,2/2/2023 11:38,UF,Other,10/2/2020 11:24:43.5,10/2/2020 13:28:16.5,,,,,,,HF sunrise,,
\\frosty.ucsd.edu\sanctsound_decimated_2\CI\CI01\CI01_05\CI01_05_df24\SanctSound_CI01_05_df24_5s1Hz.ltsa,2/2/2023 11:38,UF,Other,10/3/2020 1:46:50.5,10/3/2020 2:56:50.5,,,,,,,Bocaccio sunset,,
\\frosty.ucsd.edu\sanctsound_decimated_2\CI\CI01\CI01_05\CI01_05_df24\SanctSound_CI01_05_df24_5s1Hz.ltsa,2/2/2023 11:38,UF,Other,10/3/2020 1:46:50.5,10/3/2020 2:28:35.5,,,,,,,HF sunset,,
\\frosty.ucsd.edu\sanctsound_decimated_2\CI\CI01\CI01_05\CI01_05_df24\SanctSound_CI01_05_df24_5s1Hz.ltsa,2/2/2023 11:38,UF,Other,10/3/2020 2:10:40.5,10/3/2020 5:48:05.5,,,,,,,Midshipman,,
\\frosty.ucsd.edu\sanctsound_decimated_2\CI\CI01\CI01_05\CI01_05_df24\SanctSound_CI01_05_df24_5s1Hz.ltsa,2/2/2023 11:38,UF,Other,10/3/2020 11:15:43.5,10/3/2020 13:28:11.5,,,,,,,Bocaccio sunrise,,
\\frosty.ucsd.edu\sanctsound_decimated_2\CI\CI01\CI01_05\CI01_05_df24\SanctSound_CI01_05_df24_5s1Hz.ltsa,2/2/2023 11:38,UF,Other,10/3/2020 10:36:58.5,10/3/2020 13:26:41.5,,,,,,,HF sunrise,,
\\frosty.ucsd.edu\sanctsound_decimated_2\CI\CI01\CI01_05\CI01_05_df24\SanctSound_CI01_05_df24_5s1Hz.ltsa,2/2/2023 11:39,UF,Other,10/4/2020 1:54:16.5,10/4/2020 3:11:41.5,,,,,,,Bocaccio sunset,,
\\frosty.ucsd.edu\sanctsound_decimated_2\CI\CI01\CI01_05\CI01_05_df24\SanctSound_CI01_05_df24_5s1Hz.ltsa,2/2/2023 11:39,UF,Other,10/4/2020 1:49:46.5,10/4/2020 2:21:01.5,,,,,,,HF sunset,,
\\frosty.ucsd.edu\sanctsound_decimated_2\CI\CI01\CI01_05\CI01_05_df24\SanctSound_CI01_05_df24_5s1Hz.ltsa,2/2/2023 11:39,UF,Other,10/4/2020 2:19:36.5,10/4/2020 6:02:56.5,,,,,,,Midshipman,,
\\frosty.ucsd.edu\sanctsound_decimated_2\CI\CI01\CI01_05\CI01_05_df24\SanctSound_CI01_05_df24_5s1Hz.ltsa,2/2/2023 11:39,UF,Other,10/4/2020 11:37:58.5,10/4/2020 13:28:06.5,,,,,,,Bocacio sunrise,,
\\frosty.ucsd.edu\sanctsound_decimated_2\CI\CI01\CI01_05\CI01_05_df24\SanctSound_CI01_05_df24_5s1Hz.ltsa,2/2/2023 11:39,UF,Other,10/4/2020 12:28:33.5,10/4/2020 13:37:01.5,,,,,,,HF sunrise,,
\\frosty.ucsd.edu\sanctsound_decimated_2\CI\CI01\CI01_05\CI01_05_df24\SanctSound_CI01_05_df24_5s1Hz.ltsa,2/2/2023 11:39,UF,Other,10/5/2020 1:37:46.5,10/5/2020 2:49:16.5,,,,,,,Bocaccio sunset,,
\\frosty.ucsd.edu\sanctsound_decimated_2\CI\CI01\CI01_05\CI01_05_df24\SanctSound_CI01_05_df24_5s1Hz.ltsa,2/2/2023 11:39,UF,Other,10/5/2020 1:34:51.5,10/5/2020 2:35:51.5,,,,,,,HF sunset,,
\\frosty.ucsd.edu\sanctsound_decimated_2\CI\CI01\CI01_05\CI01_05_df24\SanctSound_CI01_05_df24_5s1Hz.ltsa,2/2/2023 11:39,UF,Other,10/5/2020 2:13:31.5,10/5/2020 7:11:16.5,,,,,,,Midshipman,,
\\frosty.ucsd.edu\sanctsound_decimated_2\CI\CI01\CI01_05\CI01_05_df24\SanctSound_CI01_05_df24_5s1Hz.ltsa,2/2/2023 11:40,UF,Other,10/5/2020 8:27:11.5,10/5/2020 9:34:16.5,,,,,,,Midshipman,,
\\frosty.ucsd.edu\sanctsound_decimated_2\CI\CI01\CI01_05\CI01_05_df24\SanctSound_CI01_05_df24_5s1Hz.ltsa,2/2/2023 11:40,UF,Other,10/6/2020 1:49:32.5,10/6/2020 3:17:27.5,,,,,,,Bocaccio sunset,,
\\frosty.ucsd.edu\sanctsound_decimated_2\CI\CI01\CI01_05\CI01_05_df24\SanctSound_CI01_05_df24_5s1Hz.ltsa,2/2/2023 11:40,UF,Other,10/6/2020 1:43:37.5,10/6/2020 2:41:42.5,,,,,,,HF sunset,,
\\frosty.ucsd.edu\sanctsound_decimated_2\CI\CI01\CI01_05\CI01_05_df24\SanctSound_CI01_05_df24_5s1Hz.ltsa,2/2/2023 11:40,UF,Other,10/6/2020 2:13:22.5,10/6/2020 6:41:25.5,,,,,,,Midshipman,,
\\frosty.ucsd.edu\sanctsound_decimated_2\CI\CI01\CI01_05\CI01_05_df24\SanctSound_CI01_05_df24_5s1Hz.ltsa,2/2/2023 11:40,UF,Other,10/6/2020 11:19:50.5,10/6/2020 13:20:28.5,,,,,,,Midshipman,,
\\frosty.ucsd.edu\sanctsound_decimated_2\CI\CI01\CI01_05\CI01_05_df24\SanctSound_CI01_05_df24_5s1Hz.ltsa,2/2/2023 11:40,UF,Other,10/7/2020 1:49:28.5,10/7/2020 4:04:58.5,,,,,,,Bocaccio sunset,,
\\frosty.ucsd.edu\sanctsound_decimated_2\CI\CI01\CI01_05\CI01_05_df24\SanctSound_CI01_05_df24_5s1Hz.ltsa,2/2/2023 11:40,UF,Other,10/7/2020 1:43:33.5,10/7/2020 3:20:18.5,,,,,,,HF sunset,,
\\frosty.ucsd.edu\sanctsound_decimated_2\CI\CI01\CI01_05\CI01_05_df24\SanctSound_CI01_05_df24_5s1Hz.ltsa,2/2/2023 11:40,UF,Other,10/7/2020 2:31:13.5,10/7/2020 7:39:26.5,,,,,,,Midshipman,,
\\frosty.ucsd.edu\sanctsound_decimated_2\CI\CI01\CI01_05\CI01_05_df24\SanctSound_CI01_05_df24_5s1Hz.ltsa,2/2/2023 11:40,UF,Other,10/7/2020 10:44:01.5,10/7/2020 13:27:49.5,,,,,,,Bocaccio sunrise,,
\\frosty.ucsd.edu\sanctsound_decimated_2\CI\CI01\CI01_05\CI01_05_df24\SanctSound_CI01_05_df24_5s1Hz.ltsa,2/2/2023 11:41,UF,Other,10/7/2020 11:04:56.5,10/7/2020 13:39:44.5,,,,,,,HF sunrise,,
\\frosty.ucsd.edu\sanctsound_decimated_2\CI\CI01\CI01_05\CI01_05_df24\SanctSound_CI01_05_df24_5s1Hz.ltsa,2/2/2023 11:41,UF,Other,10/8/2020 1:46:25.5,10/8/2020 3:11:20.5,,,,,,,Bocaccio sunset,,
\\frosty.ucsd.edu\sanctsound_decimated_2\CI\CI01\CI01_05\CI01_05_df24\SanctSound_CI01_05_df24_5s1Hz.ltsa,2/2/2023 11:41,UF,Other,10/8/2020 1:36:00.5,10/8/2020 2:19:15.5,,,,,,,HF sunset,,
\\frosty.ucsd.edu\sanctsound_decimated_2\CI\CI01\CI01_05\CI01_05_df24\SanctSound_CI01_05_df24_5s1Hz.ltsa,2/2/2023 11:41,UF,Other,10/8/2020 2:22:10.5,10/8/2020 7:42:18.5,,,,,,,Midshipman,,
\\frosty.ucsd.edu\sanctsound_decimated_2\CI\CI01\CI01_05\CI01_05_df24\SanctSound_CI01_05_df24_5s1Hz.ltsa,2/2/2023 11:41,UF,Other,10/8/2020 11:27:13.5,10/8/2020 13:26:13.5,,,,,,,Bocaccio sunrise,,
\\frosty.ucsd.edu\sanctsound_decimated_2\CI\CI01\CI01_05\CI01_05_df24\SanctSound_CI01_05_df24_5s1Hz.ltsa,2/2/2023 11:41,UF,Other,10/9/2020 1:37:23.5,10/9/2020 2:50:23.5,,,,,,,Bocaccio sunset,,
\\frosty.ucsd.edu\sanctsound_decimated_2\CI\CI01\CI01_05\CI01_05_df24\SanctSound_CI01_05_df24_5s1Hz.ltsa,2/2/2023 11:42,UF,Other,10/9/2020 1:41:53.5,10/9/2020 2:08:43.5,,,,,,,HF sunset,,
\\frosty.ucsd.edu\sanctsound_decimated_2\CI\CI01\CI01_05\CI01_05_df24\SanctSound_CI01_05_df24_5s1Hz.ltsa,2/2/2023 11:42,UF,Other,10/9/2020 2:14:38.5,10/9/2020 8:38:46.5,,,,,,,Midshipman,,
\\frosty.ucsd.edu\sanctsound_decimated_2\CI\CI01\CI01_05\CI01_05_df24\SanctSound_CI01_05_df24_5s1Hz.ltsa,2/2/2023 11:42,UF,Other,10/9/2020 11:34:31.5,10/9/2020 13:36:34.5,,,,,,,Bocaccio sunrise,,
\\frosty.ucsd.edu\sanctsound_decimated_2\CI\CI01\CI01_05\CI01_05_df24\SanctSound_CI01_05_df24_5s1Hz.ltsa,2/2/2023 11:42,UF,Other,10/9/2020 12:14:41.5,10/9/2020 13:38:04.5,,,,,,,HF sunrise,,
\\frosty.ucsd.edu\sanctsound_decimated_2\CI\CI01\CI01_05\CI01_05_df24\SanctSound_CI01_05_df24_5s1Hz.ltsa,2/2/2023 11:42,UF,Other,10/10/2020 1:32:41.5,10/10/2020 2:56:06.5,,,,,,,Bocaccio sunset,,
\\frosty.ucsd.edu\sanctsound_decimated_2\CI\CI01\CI01_05\CI01_05_df24\SanctSound_CI01_05_df24_5s1Hz.ltsa,2/2/2023 11:42,UF,Other,10/10/2020 1:46:06.5,10/10/2020 2:11:26.5,,,,,,,HF sunset,,
\\frosty.ucsd.edu\sanctsound_decimated_2\CI\CI01\CI01_05\CI01_05_df24\SanctSound_CI01_05_df24_5s1Hz.ltsa,2/2/2023 11:42,UF,Other,10/10/2020 2:24:51.5,10/10/2020 10:03:24.5,,,,,,,Midshipman,,
\\frosty.ucsd.edu\sanctsound_decimated_2\CI\CI01\CI01_05\CI01_05_df24\SanctSound_CI01_05_df24_5s1Hz.ltsa,2/2/2023 11:43,UF,Other,10/10/2020 11:16:24.5,10/10/2020 13:25:56.5,,,,,,,Bocaccio sunrise,,
\\frosty.ucsd.edu\sanctsound_decimated_2\CI\CI01\CI01_05\CI01_05_df24\SanctSound_CI01_05_df24_5s1Hz.ltsa,2/2/2023 11:43,UF,Other,10/10/2020 12:45:41.5,10/10/2020 13:33:21.5,,,,,,,HF sunrise,,
